Timestep,Susecptible,Infected,Recovered,Deceased
0.1,99.9,1.085,0.01,0.005
0.2,99.7916,1.17712,0.02085,0.010425
0.3,99.6741,1.27693,0.0326212,0.0163106
0.4,99.5469,1.38505,0.0453904,0.0226952
0.5,99.409,1.50215,0.0592409,0.0296205
0.6,99.2597,1.62895,0.0742624,0.0371312
0.7,99.098,1.7662,0.0905519,0.0452759
0.8,98.9229,1.91473,0.108214,0.0541069
0.9,98.7335,2.07542,0.127361,0.0636806
1,98.5286,2.24921,0.148115,0.0740577
1.1,98.307,2.43708,0.170607,0.0853037
1.2,98.0674,2.6401,0.194978,0.0974891
1.3,97.8085,2.85941,0.221379,0.11069
1.4,97.5288,3.0962,0.249973,0.124987
1.5,97.2269,3.35172,0.280935,0.140468
1.6,96.901,3.62732,0.314453,0.157226
1.7,96.5495,3.9244,0.350726,0.175363
1.8,96.1706,4.24444,0.38997,0.194985
1.9,95.7624,4.58896,0.432414,0.216207
2,95.323,4.95958,0.478304,0.239152
2.1,94.8502,5.35794,0.5279,0.26395
2.2,94.342,5.78578,0.581479,0.29074
2.3,93.7962,6.24483,0.639337,0.319668
2.4,93.2104,6.7369,0.701785,0.350893
2.5,92.5825,7.2638,0.769154,0.384577
2.6,91.91,7.82734,0.841792,0.420896
2.7,91.1906,8.42934,0.920065,0.460033
2.8,90.4219,9.07158,1.00436,0.502179
2.9,89.6016,9.75577,1.09507,0.547537
3,88.7275,10.4836,1.19263,0.596316
3.1,87.7973,11.2565,1.29747,0.648734
3.2,86.809,12.0759,1.41003,0.705016
3.3,85.7607,12.9431,1.53079,0.765396
3.4,84.6507,13.859,1.66022,0.830112
3.5,83.4775,14.8242,1.79881,0.899406
3.6,82.24,15.8394,1.94706,0.973528
3.7,80.9374,16.9044,2.10545,1.05272
3.8,79.5692,18.019,2.27449,1.13725
3.9,78.1354,19.1825,2.45468,1.22734
4,76.6366,20.3936,2.64651,1.32325
4.1,75.0737,21.6506,2.85045,1.42522
4.2,73.4483,22.9512,3.06695,1.53348
4.3,71.7626,24.2927,3.29646,1.64823
4.4,70.0193,25.6716,3.53939,1.7697
4.5,68.2218,27.0841,3.79611,1.89805
4.6,66.3741,28.5255,4.06695,2.03347
4.7,64.4807,29.991,4.3522,2.1761
4.8,62.5469,31.475,4.65211,2.32606
4.9,60.5782,32.9715,4.96686,2.48343
5,58.5808,34.4743,5.29658,2.64829
5.1,56.5613,35.9767,5.64132,2.82066
5.2,54.5264,37.4719,6.00109,3.00054
5.3,52.4832,38.9531,6.37581,3.1879
5.4,50.4388,40.4132,6.76534,3.38267
5.5,48.4004,41.8454,7.16947,3.58473
5.6,46.3751,43.243,7.58792,3.79396
5.7,44.3697,44.5998,8.02035,4.01018
5.8,42.3908,45.9097,8.46635,4.23318
5.9,40.4447,47.1672,8.92545,4.46272
6,38.537,48.3673,9.39712,4.69856
6.1,36.6731,49.5057,9.88079,4.9404
6.2,34.8576,50.5787,10.3758,5.18792
6.3,33.0945,51.583,10.8816,5.44082
6.4,31.3874,52.5164,11.3975,5.69873
6.5,29.739,53.377,11.9226,5.96132
6.6,28.1517,54.1637,12.4564,6.2282
6.7,26.6269,54.8761,12.998,6.49902
6.8,25.1657,55.5141,13.5468,6.7734
6.9,23.7686,56.0785,14.1019,7.05097
7,22.4357,56.5702,14.6627,7.33136
7.1,21.1665,56.9908,15.2284,7.61421
7.2,19.9602,57.3423,15.7983,7.89917
7.3,18.8157,57.6267,16.3718,8.18588
7.4,17.7314,57.8466,16.948,8.47401
7.5,16.7057,58.0046,17.5265,8.76325
7.6,15.7367,58.1035,18.1065,9.05327
7.7,14.8223,58.1463,18.6876,9.34379
7.79999,13.9605,58.136,19.269,9.63452
7.89999,13.1489,58.0756,19.8504,9.9252
7.99999,12.3852,57.9681,20.4312,10.2156
8.09999,11.6673,57.8165,21.0108,10.5054
8.2,10.9927,57.6238,21.589,10.7945
8.3,10.3593,57.3929,22.1652,11.0826
8.4,9.76473,57.1265,22.7392,11.3696
8.5,9.2069,56.8275,23.3104,11.6552
8.6,8.6837,56.4983,23.8787,11.9394
8.7,8.19308,56.1414,24.4437,12.2218
8.8,7.73311,55.7592,25.0051,12.5025
8.9,7.30192,55.354,25.5627,12.7813
9,6.89773,54.9279,26.1162,13.0581
9.1,6.51885,54.4829,26.6655,13.3328
9.2,6.16368,54.0208,27.2103,13.6052
9.3,5.83072,53.5435,27.7505,13.8753
9.4,5.51852,53.0525,28.286,14.143
9.5,5.22575,52.5495,28.8165,14.4083
9.6,4.95114,52.0359,29.342,14.671
9.7,4.6935,51.513,29.8624,14.9312
9.8,4.45173,50.982,30.3775,15.1887
9.9,4.22477,50.4443,30.8873,15.4437
10,4.01165,49.9007,31.3918,15.6959
10.1,3.81147,49.3524,31.8908,15.9454
10.2,3.62336,48.8002,32.3843,16.1921
10.3,3.44654,48.245,32.8723,16.4361
10.4,3.28026,47.6876,33.3547,16.6774
10.5,3.12384,47.1287,33.8316,16.9158
10.6,2.97661,46.569,34.3029,17.1515
10.7,2.838,46.0091,34.7686,17.3843
10.8,2.70742,45.4496,35.2287,17.6143
10.9,2.58437,44.8909,35.6832,17.8416
11,2.46836,44.3335,36.1321,18.066
11.1,2.35892,43.7779,36.5754,18.2877
11.2,2.25566,43.2245,37.0132,18.5066
11.3,2.15816,42.6737,37.4454,18.7227
11.4,2.06606,42.1257,37.8722,18.9361
11.5,1.97903,41.5808,38.2934,19.1467
11.6,1.89674,41.0394,38.7092,19.3546
11.7,1.8189,40.5016,39.1196,19.5598
11.8,1.74523,39.9678,39.5247,19.7623
11.9,1.67547,39.438,39.9243,19.9622
12,1.6094,38.9125,40.3187,20.1594
12.1,1.54677,38.3915,40.7078,20.3539
12.2,1.48739,37.875,41.0918,20.5459
12.3,1.43105,37.3632,41.4705,20.7353
12.4,1.37758,36.8562,41.8441,20.9221
12.5,1.32681,36.3541,42.2127,21.1064
12.6,1.27858,35.8571,42.5762,21.2881
12.7,1.23273,35.3651,42.9348,21.4674
12.8,1.18914,34.8782,43.2885,21.6442
12.9,1.14766,34.3965,43.6372,21.8186
13,1.10819,33.92,43.9812,21.9906
13.1,1.0706,33.4488,44.3204,22.1602
13.2,1.03479,32.9829,44.6549,22.3274
13.3,1.00066,32.5223,44.9847,22.4924
13.4,0.968112,32.067,45.3099,22.655
13.5,0.937067,31.617,45.6306,22.8153
13.6,0.90744,31.1724,45.9468,22.9734
13.7,0.879153,30.7331,46.2585,23.1293
13.8,0.852134,30.2991,46.5658,23.2829
13.9,0.826315,29.8704,46.8688,23.4344
14,0.801633,29.4471,47.1675,23.5838
14.1,0.778027,29.029,47.462,23.731
14.2,0.755441,28.6161,47.7523,23.8761
14.3,0.733824,28.2085,48.0385,24.0192
14.4,0.713124,27.8061,48.3205,24.1603
14.5,0.693294,27.4088,48.5986,24.2993
14.6,0.674292,27.0167,48.8727,24.4363
14.7,0.656075,26.6296,49.1429,24.5714
14.8,0.638604,26.2477,49.4092,24.7046
14.9,0.621842,25.8707,49.6716,24.8358
15,0.605755,25.4987,49.9303,24.9652
15.1,0.590309,25.1317,50.1853,25.0927
15.2,0.575473,24.7696,50.4366,25.2183
15.3,0.561219,24.4123,50.6843,25.3422
15.4,0.547518,24.0598,50.9285,25.4642
15.5,0.534345,23.7121,51.1691,25.5845
15.6,0.521675,23.3691,51.4062,25.7031
15.7,0.509484,23.0307,51.6399,25.8199
15.8,0.49775,22.697,51.8702,25.9351
15.9,0.486452,22.3678,52.0971,26.0486
16,0.475572,22.0432,52.3208,26.1604
16.1,0.465088,21.723,52.5413,26.2706
16.2,0.454985,21.4073,52.7585,26.3792
16.3,0.445245,21.0959,52.9726,26.4863
16.4,0.435852,20.7889,53.1835,26.5918
16.5,0.426792,20.4861,53.3914,26.6957
16.6,0.418048,20.1875,53.5963,26.7981
16.7,0.409609,19.8932,53.7981,26.8991
16.8,0.401461,19.6029,53.9971,26.9985
16.9,0.393591,19.3167,54.1931,27.0966
17,0.385988,19.0346,54.3863,27.1931
17.1,0.378641,18.7564,54.5766,27.2883
17.2,0.371539,18.4822,54.7642,27.3821
17.3,0.364672,18.2118,54.949,27.4745
17.4,0.358031,17.9453,55.1311,27.5656
17.5,0.351606,17.6825,55.3106,27.6553
17.6,0.345388,17.4235,55.4874,27.7437
17.7,0.33937,17.1682,55.6616,27.8308
17.8,0.333544,16.9165,55.8333,27.9167
17.9,0.327902,16.6684,56.0025,28.0012
18,0.322436,16.4238,56.1692,28.0846
18.1,0.31714,16.1828,56.3334,28.1667
18.2,0.312008,15.9451,56.4952,28.2476
18.3,0.307033,15.7109,56.6547,28.3273
18.4,0.302209,15.4801,56.8118,28.4059
18.5,0.297531,15.2526,56.9666,28.4833
18.6,0.292993,15.0283,57.1191,28.5596
18.7,0.28859,14.8073,57.2694,28.6347
18.8,0.284317,14.5895,57.4175,28.7087
18.9,0.280169,14.3748,57.5634,28.7817
19,0.276141,14.1632,57.7071,28.8536
19.1,0.27223,13.9546,57.8488,28.9244
19.2,0.268431,13.7491,57.9883,28.9941
19.3,0.264741,13.5466,58.1258,29.0629
19.4,0.261154,13.347,58.2613,29.1306
19.5,0.257669,13.1502,58.3947,29.1974
19.6,0.25428,12.9564,58.5262,29.2631
19.7,0.250986,12.7653,58.6558,29.3279
19.8,0.247782,12.5771,58.7834,29.3917
19.9,0.244666,12.3915,58.9092,29.4546
20,0.241634,12.2087,59.0331,29.5166
20.1,0.238684,12.0285,59.1552,29.5776
20.2,0.235813,11.8509,59.2755,29.6378
20.3,0.233018,11.676,59.394,29.697
20.4,0.230297,11.5035,59.5108,29.7554
20.5,0.227648,11.3336,59.6258,29.8129
20.6,0.225068,11.1662,59.7391,29.8696
20.7,0.222555,11.0012,59.8508,29.9254
20.8,0.220107,10.8387,59.9608,29.9804
20.9,0.217721,10.6785,60.0692,30.0346
21,0.215396,10.5206,60.176,30.088
21.1,0.21313,10.3651,60.2812,30.1406
21.2,0.210921,10.2118,60.3848,30.1924
21.3,0.208767,10.0608,60.487,30.2435
21.4,0.206666,9.91198,60.5876,30.2938
21.5,0.204618,9.76535,60.6867,30.3433
21.6,0.20262,9.62086,60.7843,30.3922
21.7,0.20067,9.4785,60.8806,30.4403
21.8,0.198768,9.33822,60.9753,30.4877
21.9,0.196912,9.20001,61.0687,30.5344
22,0.195101,9.06382,61.1607,30.5804
22.1,0.193332,8.92963,61.2514,30.6257
22.2,0.191606,8.79741,61.3407,30.6703
22.3,0.18992,8.66714,61.4286,30.7143
22.4,0.188274,8.53878,61.5153,30.7577
22.5,0.186667,8.4123,61.6007,30.8003
22.6,0.185096,8.28769,61.6848,30.8424
22.7001,0.183562,8.16491,61.7677,30.8838
22.8001,0.182064,8.04393,61.8493,30.9247
22.9001,0.180599,7.92474,61.9298,30.9649
23.0001,0.179168,7.8073,62.009,31.0045
23.1001,0.177769,7.69159,62.0871,31.0435
23.2001,0.176402,7.57758,62.164,31.082
23.3001,0.175065,7.46525,62.2398,31.1199
23.4001,0.173758,7.35458,62.3144,31.1572
23.5001,0.17248,7.24554,62.388,31.194
23.6001,0.17123,7.13811,62.4604,31.2302
23.7001,0.170008,7.03226,62.5318,31.2659
23.8001,0.168813,6.92797,62.6021,31.3011
23.9001,0.167643,6.82522,62.6714,31.3357
24.0001,0.166499,6.72398,62.7397,31.3698
24.1001,0.165379,6.62424,62.8069,31.4035
24.2001,0.164284,6.52598,62.8732,31.4366
24.3001,0.163212,6.42916,62.9384,31.4692
24.4001,0.162162,6.33377,63.0027,31.5014
24.5001,0.161135,6.23979,63.066,31.533
24.6001,0.16013,6.1472,63.1284,31.5642
24.7001,0.159146,6.05598,63.1899,31.595
24.8001,0.158182,5.9661,63.2505,31.6252
24.9001,0.157238,5.87755,63.3101,31.6551
25.0001,0.156314,5.79031,63.3689,31.6845
25.1001,0.155409,5.70436,63.4268,31.7134
25.2001,0.154522,5.61968,63.4839,31.7419
25.3001,0.153654,5.53626,63.5401,31.77
25.4001,0.152803,5.45406,63.5954,31.7977
25.5001,0.15197,5.37309,63.65,31.825
25.6001,0.151153,5.29331,63.7037,31.8518
25.7001,0.150353,5.21471,63.7566,31.8783
25.8001,0.149569,5.13727,63.8088,31.9044
25.9001,0.148801,5.06098,63.8601,31.9301
26.0001,0.148048,4.98582,63.9108,31.9554
26.1001,0.14731,4.91177,63.9606,31.9803
26.2001,0.146586,4.83882,64.0097,32.0049
26.3001,0.145877,4.76694,64.0581,32.0291
26.4001,0.145181,4.69614,64.1058,32.0529
26.5001,0.144499,4.62637,64.1528,32.0764
26.6001,0.143831,4.55765,64.199,32.0995
26.7001,0.143175,4.48994,64.2446,32.1223
26.8001,0.142533,4.42323,64.2895,32.1447
26.9001,0.141902,4.35751,64.3337,32.1669
27.0001,0.141284,4.29277,64.3773,32.1886
27.1001,0.140677,4.22898,64.4202,32.2101
27.2001,0.140082,4.16615,64.4625,32.2313
27.3001,0.139499,4.10424,64.5042,32.2521
27.4001,0.138926,4.04325,64.5452,32.2726
27.5001,0.138365,3.98316,64.5857,32.2928
27.6001,0.137813,3.92396,64.6255,32.3127
27.7001,0.137273,3.86564,64.6647,32.3324
27.8001,0.136742,3.80819,64.7034,32.3517
27.9001,0.136221,3.75159,64.7415,32.3707
28.0001,0.13571,3.69582,64.779,32.3895
28.1001,0.135209,3.64089,64.8159,32.408
28.2001,0.134716,3.58677,64.8523,32.4262
28.3001,0.134233,3.53345,64.8882,32.4441
28.4001,0.133759,3.48092,64.9235,32.4618
28.5001,0.133293,3.42917,64.9584,32.4792
28.6001,0.132836,3.37819,64.9926,32.4963
28.7001,0.132387,3.32797,65.0264,32.5132
28.8001,0.131947,3.27849,65.0597,32.5299
28.9001,0.131514,3.22975,65.0925,32.5462
29.0001,0.131089,3.18172,65.1248,32.5624
29.1001,0.130672,3.13442,65.1566,32.5783
29.2001,0.130263,3.08781,65.188,32.594
29.3001,0.129861,3.04189,65.2188,32.6094
29.4001,0.129466,2.99666,65.2492,32.6246
29.5001,0.129078,2.9521,65.2792,32.6396
29.6001,0.128697,2.9082,65.3087,32.6544
29.7001,0.128322,2.86495,65.3378,32.6689
29.8001,0.127955,2.82234,65.3665,32.6832
29.9001,0.127594,2.78037,65.3947,32.6973
30.0001,0.127239,2.73902,65.4225,32.7112
30.1001,0.12689,2.69828,65.4499,32.7249
30.2001,0.126548,2.65815,65.4769,32.7384
30.3001,0.126211,2.61861,65.5035,32.7517
30.4001,0.125881,2.57966,65.5296,32.7648
30.5001,0.125556,2.54129,65.5554,32.7777
30.6001,0.125237,2.50349,65.5808,32.7904
30.7001,0.124924,2.46626,65.6059,32.8029
30.8001,0.124616,2.42957,65.6305,32.8153
30.9001,0.124313,2.39343,65.6548,32.8274
31.0001,0.124015,2.35782,65.6788,32.8394
31.1001,0.123723,2.32275,65.7024,32.8512
31.2001,0.123435,2.2882,65.7256,32.8628
31.3001,0.123153,2.25416,65.7485,32.8742
31.4001,0.122875,2.22062,65.771,32.8855
31.5001,0.122603,2.18758,65.7932,32.8966
31.6001,0.122334,2.15504,65.8151,32.9075
31.7001,0.122071,2.12298,65.8366,32.9183
31.8001,0.121812,2.09139,65.8579,32.9289
31.9001,0.121557,2.06028,65.8788,32.9394
32.0001,0.121306,2.02962,65.8994,32.9497
32.1001,0.12106,1.99942,65.9197,32.9598
32.2001,0.120818,1.96967,65.9397,32.9698
32.3001,0.12058,1.94037,65.9594,32.9797
32.4001,0.120346,1.9115,65.9788,32.9894
32.5001,0.120116,1.88305,65.9979,32.9989
32.6001,0.11989,1.85503,66.0167,33.0084
32.7001,0.119668,1.82743,66.0353,33.0176
32.8001,0.119449,1.80024,66.0535,33.0268
32.9001,0.119234,1.77345,66.0715,33.0358
33.0001,0.119022,1.74706,66.0893,33.0446
33.1001,0.118814,1.72106,66.1067,33.0534
33.2001,0.11861,1.69545,66.124,33.062
33.3001,0.118409,1.67022,66.1409,33.0705
33.4001,0.118211,1.64536,66.1576,33.0788
33.5001,0.118017,1.62088,66.1741,33.087
33.6001,0.117825,1.59676,66.1903,33.0951
33.7001,0.117637,1.57299,66.2062,33.1031
33.8001,0.117452,1.54958,66.222,33.111
33.9001,0.11727,1.52652,66.2375,33.1187
34.0001,0.117091,1.5038,66.2527,33.1264
34.1001,0.116915,1.48142,66.2678,33.1339
34.2001,0.116742,1.45937,66.2826,33.1413
34.3,0.116571,1.43765,66.2972,33.1486
34.4,0.116404,1.41626,66.3116,33.1558
34.5,0.116239,1.39518,66.3257,33.1629
34.6,0.116077,1.37441,66.3397,33.1698
34.7,0.115917,1.35395,66.3534,33.1767
34.8,0.11576,1.3338,66.367,33.1835
34.9,0.115606,1.31395,66.3803,33.1901
35,0.115454,1.29439,66.3934,33.1967
35.1,0.115305,1.27513,66.4064,33.2032
35.2,0.115158,1.25615,66.4191,33.2096
35.3,0.115013,1.23745,66.4317,33.2158
35.4,0.114871,1.21903,66.4441,33.222
35.5,0.114731,1.20088,66.4563,33.2281
35.6,0.114593,1.18301,66.4683,33.2341
35.7,0.114457,1.1654,66.4801,33.24
35.8,0.114324,1.14805,66.4918,33.2459
35.9,0.114193,1.13096,66.5032,33.2516
36,0.114063,1.11413,66.5145,33.2573
36.1,0.113936,1.09754,66.5257,33.2628
36.2,0.113811,1.0812,66.5367,33.2683
36.3,0.113688,1.06511,66.5475,33.2737
36.4,0.113567,1.04925,66.5581,33.2791
36.5,0.113448,1.03363,66.5686,33.2843
36.6,0.113331,1.01825,66.5789,33.2895
36.7,0.113215,1.00309,66.5891,33.2946
36.8,0.113102,0.988155,66.5992,33.2996
36.9,0.11299,0.973444,66.609,33.3045
37,0.11288,0.958952,66.6188,33.3094
37.1,0.112772,0.944676,66.6284,33.3142
37.2,0.112665,0.930613,66.6378,33.3189
37.3,0.11256,0.916758,66.6471,33.3236
37.4,0.112457,0.90311,66.6563,33.3281
37.5,0.112356,0.889665,66.6653,33.3327
37.6,0.112256,0.87642,66.6742,33.3371
37.7,0.112157,0.863372,66.683,33.3415
37.8,0.11206,0.850518,66.6916,33.3458
37.9,0.111965,0.837856,66.7001,33.3501
38,0.111871,0.825382,66.7085,33.3542
38.1,0.111779,0.813094,66.7168,33.3584
38.2,0.111688,0.800988,66.7249,33.3624
38.3,0.111599,0.789063,66.7329,33.3664
38.4,0.111511,0.777315,66.7408,33.3704
38.5,0.111424,0.765742,66.7486,33.3743
38.6,0.111339,0.754341,66.7562,33.3781
38.7,0.111255,0.74311,66.7638,33.3819
38.8,0.111172,0.732046,66.7712,33.3856
38.9,0.111091,0.721147,66.7785,33.3893
39,0.11101,0.710409,66.7857,33.3929
39.1,0.110932,0.699832,66.7928,33.3964
39.2,0.110854,0.689412,66.7998,33.3999
39.3,0.110778,0.679148,66.8067,33.4034
39.4,0.110702,0.669036,66.8135,33.4068
39.5,0.110628,0.659074,66.8202,33.4101
39.6,0.110555,0.649261,66.8268,33.4134
39.7,0.110484,0.639594,66.8333,33.4166
39.8,0.110413,0.630071,66.8397,33.4198
39.9,0.110343,0.620689,66.846,33.423
40,0.110275,0.611447,66.8522,33.4261
40.1,0.110207,0.602343,66.8583,33.4291
40.2,0.110141,0.593374,66.8643,33.4322
40.3,0.110076,0.584539,66.8703,33.4351
40.4,0.110011,0.575835,66.8761,33.4381
40.5,0.109948,0.567261,66.8819,33.4409
40.6,0.109886,0.558814,66.8875,33.4438
40.7,0.109824,0.550494,66.8931,33.4466
40.7999,0.109764,0.542297,66.8986,33.4493
40.8999,0.109704,0.534222,66.904,33.452
40.9999,0.109646,0.526267,66.9094,33.4547
41.0999,0.109588,0.518431,66.9147,33.4573
41.1999,0.109531,0.510711,66.9198,33.4599
41.2999,0.109475,0.503106,66.9249,33.4625
41.3999,0.10942,0.495615,66.93,33.465
41.4999,0.109366,0.488235,66.9349,33.4675
41.5999,0.109312,0.480965,66.9398,33.4699
41.6999,0.10926,0.473803,66.9446,33.4723
41.7999,0.109208,0.466748,66.9494,33.4747
41.8999,0.109157,0.459797,66.954,33.477
41.9999,0.109107,0.452951,66.9586,33.4793
42.0999,0.109057,0.446206,66.9632,33.4816
42.1999,0.109009,0.439561,66.9676,33.4838
42.2999,0.108961,0.433016,66.972,33.486
42.3999,0.108914,0.426568,66.9763,33.4882
42.4999,0.108867,0.420216,66.9806,33.4903
42.5999,0.108822,0.413958,66.9848,33.4924
42.6999,0.108776,0.407794,66.989,33.4945
42.7999,0.108732,0.401721,66.993,33.4965
42.8999,0.108688,0.395739,66.997,33.4985
42.9999,0.108645,0.389846,67.001,33.5005
43.0999,0.108603,0.384041,67.0049,33.5025
43.1999,0.108561,0.378322,67.0087,33.5044
43.2999,0.10852,0.372688,67.0125,33.5063
43.3999,0.10848,0.367138,67.0163,33.5081
43.4999,0.10844,0.361671,67.0199,33.51
43.5999,0.108401,0.356285,67.0235,33.5118
43.6999,0.108362,0.350979,67.0271,33.5136
43.7999,0.108324,0.345753,67.0306,33.5153
43.8999,0.108287,0.340604,67.0341,33.517
43.9999,0.10825,0.335532,67.0375,33.5187
44.0999,0.108213,0.330535,67.0408,33.5204
44.1999,0.108178,0.325613,67.0441,33.5221
44.2999,0.108142,0.320764,67.0474,33.5237
44.3999,0.108108,0.315987,67.0506,33.5253
44.4999,0.108074,0.311282,67.0538,33.5269
44.5999,0.10804,0.306646,67.0569,33.5284
44.6999,0.108007,0.302079,67.0599,33.53
44.7999,0.107974,0.297581,67.063,33.5315
44.8999,0.107942,0.293149,67.0659,33.533
44.9999,0.10791,0.288784,67.0689,33.5344
45.0999,0.107879,0.284483,67.0718,33.5359
45.1999,0.107849,0.280246,67.0746,33.5373
45.2999,0.107818,0.276073,67.0774,33.5387
45.3999,0.107789,0.271962,67.0802,33.5401
45.4999,0.107759,0.267912,67.0829,33.5414
45.5999,0.10773,0.263922,67.0856,33.5428
45.6999,0.107702,0.259991,67.0882,33.5441
45.7999,0.107674,0.25612,67.0908,33.5454
45.8999,0.107646,0.252305,67.0934,33.5467
45.9999,0.107619,0.248548,67.0959,33.5479
46.0999,0.107593,0.244846,67.0984,33.5492
46.1999,0.107566,0.2412,67.1008,33.5504
46.2999,0.10754,0.237608,67.1032,33.5516
46.3999,0.107515,0.234069,67.1056,33.5528
46.4999,0.10749,0.230584,67.108,33.554
46.5999,0.107465,0.22715,67.1103,33.5551
46.6999,0.10744,0.223767,67.1125,33.5563
46.7999,0.107416,0.220434,67.1148,33.5574
46.8999,0.107393,0.217151,67.117,33.5585
46.9999,0.107369,0.213917,67.1191,33.5596
47.0999,0.107346,0.210732,67.1213,33.5606
47.1999,0.107324,0.207593,67.1234,33.5617
47.2999,0.107301,0.204502,67.1255,33.5627
47.3998,0.107279,0.201456,67.1275,33.5638
47.4998,0.107258,0.198456,67.1295,33.5648
47.5998,0.107237,0.1955,67.1315,33.5658
47.6998,0.107216,0.192589,67.1335,33.5667
47.7998,0.107195,0.189721,67.1354,33.5677
47.8998,0.107175,0.186895,67.1373,33.5686
47.9998,0.107155,0.184112,67.1392,33.5696
48.0998,0.107135,0.18137,67.141,33.5705
48.1998,0.107115,0.178669,67.1428,33.5714
48.2998,0.107096,0.176008,67.1446,33.5723
48.3998,0.107077,0.173387,67.1464,33.5732
48.4998,0.107059,0.170804,67.1481,33.574
48.5998,0.107041,0.168261,67.1498,33.5749
48.6998,0.107023,0.165755,67.1515,33.5757
48.7998,0.107005,0.163286,67.1531,33.5766
48.8998,0.106987,0.160854,67.1548,33.5774
48.9998,0.10697,0.158459,67.1564,33.5782
49.0998,0.106953,0.156099,67.158,33.579
49.1998,0.106937,0.153774,67.1595,33.5798
49.2998,0.10692,0.151484,67.1611,33.5805
49.3998,0.106904,0.149228,67.1626,33.5813
49.4998,0.106888,0.147005,67.1641,33.582
49.5998,0.106872,0.144816,67.1655,33.5828
49.6998,0.106857,0.142659,67.167,33.5835
49.7998,0.106841,0.140534,67.1684,33.5842
49.8998,0.106826,0.138441,67.1698,33.5849
49.9998,0.106812,0.13638,67.1712,33.5856
50.0998,0.106797,0.134349,67.1726,33.5863
50.1998,0.106783,0.132348,67.1739,33.587
50.2998,0.106769,0.130377,67.1752,33.5876
50.3998,0.106755,0.128435,67.1765,33.5883
50.4998,0.106741,0.126522,67.1778,33.5889
50.5998,0.106728,0.124638,67.1791,33.5895
50.6998,0.106714,0.122781,67.1803,33.5902
50.7998,0.106701,0.120953,67.1816,33.5908
50.8998,0.106688,0.119151,67.1828,33.5914
50.9998,0.106675,0.117377,67.184,33.592
51.0998,0.106663,0.115629,67.1851,33.5926
51.1998,0.106651,0.113907,67.1863,33.5931
51.2998,0.106638,0.11221,67.1874,33.5937
51.3998,0.106627,0.110539,67.1886,33.5943
51.4998,0.106615,0.108893,67.1897,33.5948
51.5998,0.106603,0.107271,67.1908,33.5954
51.6998,0.106592,0.105673,67.1918,33.5959
51.7998,0.10658,0.104099,67.1929,33.5964
51.8998,0.106569,0.102549,67.1939,33.597
51.9998,0.106558,0.101022,67.1949,33.5975
52.0998,0.106548,0.0995172,67.196,33.598
52.1998,0.106537,0.098035,67.197,33.5985
52.2998,0.106527,0.0965749,67.1979,33.599
52.3998,0.106516,0.0951366,67.1989,33.5994
52.4998,0.106506,0.0937197,67.1998,33.5999
52.5998,0.106496,0.0923239,67.2008,33.6004
52.6998,0.106486,0.0909488,67.2017,33.6009
52.7998,0.106477,0.0895943,67.2026,33.6013
52.8998,0.106467,0.0882599,67.2035,33.6018
52.9998,0.106458,0.0869454,67.2044,33.6022
53.0998,0.106448,0.0856505,67.2053,33.6026
53.1998,0.106439,0.0843749,67.2061,33.6031
53.2998,0.10643,0.0831182,67.207,33.6035
53.3998,0.106422,0.0818803,67.2078,33.6039
53.4998,0.106413,0.0806608,67.2086,33.6043
53.5998,0.106404,0.0794595,67.2094,33.6047
53.6998,0.106396,0.078276,67.2102,33.6051
53.7998,0.106387,0.0771102,67.211,33.6055
53.8997,0.106379,0.0759618,67.2118,33.6059
53.9997,0.106371,0.0748304,67.2125,33.6063
54.0997,0.106363,0.0737159,67.2133,33.6066
54.1997,0.106355,0.072618,67.214,33.607
54.2997,0.106348,0.0715365,67.2147,33.6074
54.3997,0.10634,0.070471,67.2155,33.6077
54.4997,0.106333,0.0694215,67.2162,33.6081
54.5997,0.106325,0.0683875,67.2169,33.6084
54.6997,0.106318,0.067369,67.2175,33.6088
54.7997,0.106311,0.0663656,67.2182,33.6091
54.8997,0.106304,0.0653772,67.2189,33.6094
54.9997,0.106297,0.0644035,67.2195,33.6098
55.0997,0.10629,0.0634443,67.2202,33.6101
55.1997,0.106283,0.0624994,67.2208,33.6104
55.2997,0.106276,0.0615685,67.2214,33.6107
55.3997,0.10627,0.0606515,67.2221,33.611
55.4997,0.106263,0.0597482,67.2227,33.6113
55.5997,0.106257,0.0588583,67.2233,33.6116
55.6997,0.106251,0.0579817,67.2238,33.6119
55.7997,0.106245,0.0571181,67.2244,33.6122
55.8997,0.106239,0.0562674,67.225,33.6125
55.9997,0.106233,0.0554294,67.2256,33.6128
56.0997,0.106227,0.0546038,67.2261,33.6131
56.1997,0.106221,0.0537906,67.2267,33.6133
56.2997,0.106215,0.0529894,67.2272,33.6136
56.3997,0.10621,0.0522002,67.2277,33.6139
56.4997,0.106204,0.0514228,67.2282,33.6141
56.5997,0.106199,0.0506569,67.2288,33.6144
56.6997,0.106193,0.0499024,67.2293,33.6146
56.7997,0.106188,0.0491592,67.2298,33.6149
56.8997,0.106183,0.048427,67.2303,33.6151
56.9997,0.106178,0.0477057,67.2307,33.6154
57.0997,0.106173,0.0469952,67.2312,33.6156
57.1997,0.106168,0.0462953,67.2317,33.6158
57.2997,0.106163,0.0456058,67.2322,33.6161
57.3997,0.106158,0.0449265,67.2326,33.6163
57.4997,0.106153,0.0442574,67.2331,33.6165
57.5997,0.106148,0.0435982,67.2335,33.6168
57.6997,0.106144,0.0429489,67.2339,33.617
57.7997,0.106139,0.0423092,67.2344,33.6172
57.8997,0.106135,0.0416791,67.2348,33.6174
57.9997,0.10613,0.0410583,67.2352,33.6176
58.0997,0.106126,0.0404468,67.2356,33.6178
58.1997,0.106122,0.0398444,67.236,33.618
58.2997,0.106117,0.0392509,67.2364,33.6182
58.3997,0.106113,0.0386663,67.2368,33.6184
58.4997,0.106109,0.0380905,67.2372,33.6186
58.5997,0.106105,0.0375231,67.2376,33.6188
58.6997,0.106101,0.0369643,67.238,33.619
58.7997,0.106097,0.0364137,67.2383,33.6192
58.8997,0.106093,0.0358714,67.2387,33.6193
58.9997,0.106089,0.0353371,67.239,33.6195
59.0997,0.106086,0.0348108,67.2394,33.6197
59.1997,0.106082,0.0342923,67.2398,33.6199
59.2997,0.106078,0.0337816,67.2401,33.62
59.3997,0.106075,0.0332785,67.2404,33.6202
59.4997,0.106071,0.0327828,67.2408,33.6204
59.5997,0.106068,0.0322945,67.2411,33.6205
59.6997,0.106064,0.0318136,67.2414,33.6207
59.7997,0.106061,0.0313397,67.2417,33.6209
59.8997,0.106058,0.030873,67.242,33.621
59.9997,0.106054,0.0304131,67.2424,33.6212
60.0997,0.106051,0.0299602,67.2427,33.6213
60.1997,0.106048,0.0295139,67.243,33.6215
60.2997,0.106045,0.0290744,67.2433,33.6216
60.3997,0.106042,0.0286413,67.2435,33.6218
60.4996,0.106039,0.0282147,67.2438,33.6219
60.5996,0.106036,0.0277945,67.2441,33.6221
60.6996,0.106033,0.0273805,67.2444,33.6222
60.7996,0.10603,0.0269727,67.2447,33.6223
60.8996,0.106027,0.026571,67.2449,33.6225
60.9996,0.106024,0.0261753,67.2452,33.6226
61.0996,0.106021,0.0257854,67.2455,33.6227
61.1996,0.106019,0.0254014,67.2457,33.6229
61.2996,0.106016,0.025023,67.246,33.623
61.3996,0.106013,0.0246503,67.2462,33.6231
61.4996,0.106011,0.0242832,67.2465,33.6232
61.5996,0.106008,0.0239215,67.2467,33.6234
61.6996,0.106006,0.0235652,67.247,33.6235
61.7996,0.106003,0.0232143,67.2472,33.6236
61.8996,0.106001,0.0228685,67.2474,33.6237
61.9996,0.105998,0.0225279,67.2476,33.6238
62.0996,0.105996,0.0221924,67.2479,33.6239
62.1996,0.105994,0.0218618,67.2481,33.624
62.2996,0.105991,0.0215362,67.2483,33.6242
62.3996,0.105989,0.0212155,67.2485,33.6243
62.4996,0.105987,0.0208995,67.2487,33.6244
62.5996,0.105984,0.0205882,67.249,33.6245
62.6996,0.105982,0.0202816,67.2492,33.6246
62.7996,0.10598,0.0199795,67.2494,33.6247
62.8996,0.105978,0.0196819,67.2496,33.6248
62.9996,0.105976,0.0193888,67.2498,33.6249
63.0996,0.105974,0.0191,67.25,33.625
63.1996,0.105972,0.0188155,67.2501,33.6251
63.2996,0.10597,0.0185353,67.2503,33.6252
63.3996,0.105968,0.0182592,67.2505,33.6253
63.4996,0.105966,0.0179873,67.2507,33.6253
63.5996,0.105964,0.0177194,67.2509,33.6254
63.6996,0.105962,0.0174554,67.2511,33.6255
63.7996,0.10596,0.0171955,67.2512,33.6256
63.8996,0.105958,0.0169394,67.2514,33.6257
63.9996,0.105957,0.0166871,67.2516,33.6258
64.0996,0.105955,0.0164385,67.2517,33.6259
64.1996,0.105953,0.0161937,67.2519,33.626
64.2996,0.105951,0.0159525,67.2521,33.626
64.3996,0.10595,0.0157149,67.2522,33.6261
64.4996,0.105948,0.0154808,67.2524,33.6262
64.5996,0.105946,0.0152503,67.2525,33.6263
64.6996,0.105945,0.0150231,67.2527,33.6263
64.7996,0.105943,0.0147994,67.2528,33.6264
64.8996,0.105942,0.0145789,67.253,33.6265
64.9996,0.10594,0.0143618,67.2531,33.6266
65.0996,0.105939,0.0141479,67.2533,33.6266
65.1996,0.105937,0.0139372,67.2534,33.6267
65.2996,0.105936,0.0137296,67.2536,33.6268
65.3996,0.105934,0.0135251,67.2537,33.6268
65.4996,0.105933,0.0133237,67.2538,33.6269
65.5996,0.105931,0.0131252,67.254,33.627
65.6996,0.10593,0.0129297,67.2541,33.627
65.7996,0.105929,0.0127372,67.2542,33.6271
65.8996,0.105927,0.0125475,67.2544,33.6272
65.9996,0.105926,0.0123606,67.2545,33.6272
66.0996,0.105925,0.0121765,67.2546,33.6273
66.1996,0.105923,0.0119951,67.2547,33.6274
66.2996,0.105922,0.0118165,67.2548,33.6274
66.3996,0.105921,0.0116405,67.255,33.6275
66.4996,0.10592,0.0114671,67.2551,33.6275
66.5996,0.105918,0.0112963,67.2552,33.6276
66.6996,0.105917,0.011128,67.2553,33.6277
66.7996,0.105916,0.0109623,67.2554,33.6277
66.8996,0.105915,0.010799,67.2555,33.6278
66.9995,0.105914,0.0106382,67.2556,33.6278
67.0995,0.105913,0.0104797,67.2557,33.6279
67.1995,0.105911,0.0103237,67.2558,33.6279
67.2995,0.10591,0.0101699,67.2559,33.628
67.3995,0.105909,0.0100184,67.256,33.628
67.4995,0.105908,0.00986921,67.2561,33.6281
67.5995,0.105907,0.00972222,67.2562,33.6281
67.6995,0.105906,0.00957741,67.2563,33.6282
67.7995,0.105905,0.00943477,67.2564,33.6282
67.8995,0.105904,0.00929425,67.2565,33.6283
67.9995,0.105903,0.00915582,67.2566,33.6283
68.0995,0.105902,0.00901945,67.2567,33.6284
68.1995,0.105901,0.00888511,67.2568,33.6284
68.2995,0.1059,0.00875278,67.2569,33.6284
68.3995,0.105899,0.00862241,67.257,33.6285
68.4995,0.105898,0.00849399,67.2571,33.6285
68.5995,0.105898,0.00836748,67.2572,33.6286
68.6995,0.105897,0.00824285,67.2572,33.6286
68.7995,0.105896,0.00812008,67.2573,33.6287
68.8995,0.105895,0.00799914,67.2574,33.6287
68.9995,0.105894,0.00788,67.2575,33.6287
69.0995,0.105893,0.00776263,67.2576,33.6288
69.1995,0.105892,0.00764702,67.2576,33.6288
69.2995,0.105892,0.00753312,67.2577,33.6289
69.3995,0.105891,0.00742092,67.2578,33.6289
69.4995,0.10589,0.00731039,67.2579,33.6289
69.5995,0.105889,0.00720151,67.2579,33.629
69.6995,0.105888,0.00709425,67.258,33.629
69.7995,0.105888,0.00698859,67.2581,33.629
69.8995,0.105887,0.0068845,67.2582,33.6291
69.9995,0.105886,0.00678196,67.2582,33.6291
70.0995,0.105886,0.00668095,67.2583,33.6291
70.1995,0.105885,0.00658144,67.2584,33.6292
70.2995,0.105884,0.00648342,67.2584,33.6292
70.3995,0.105883,0.00638686,67.2585,33.6292
70.4995,0.105883,0.00629173,67.2586,33.6293
70.5995,0.105882,0.00619802,67.2586,33.6293
70.6995,0.105881,0.0061057,67.2587,33.6293
70.7995,0.105881,0.00601477,67.2587,33.6294
70.8995,0.10588,0.00592518,67.2588,33.6294
70.9995,0.10588,0.00583693,67.2589,33.6294
71.0995,0.105879,0.00574999,67.2589,33.6295
71.1995,0.105878,0.00566435,67.259,33.6295
71.2995,0.105878,0.00557999,67.259,33.6295
71.3995,0.105877,0.00549688,67.2591,33.6295
71.4995,0.105877,0.00541501,67.2591,33.6296
71.5995,0.105876,0.00533436,67.2592,33.6296
71.6995,0.105875,0.00525491,67.2592,33.6296
71.7995,0.105875,0.00517664,67.2593,33.6296
71.8995,0.105874,0.00509954,67.2594,33.6297
71.9995,0.105874,0.00502358,67.2594,33.6297
72.0995,0.105873,0.00494876,67.2595,33.6297
72.1995,0.105873,0.00487505,67.2595,33.6298
72.2995,0.105872,0.00480244,67.2596,33.6298
72.3995,0.105872,0.00473092,67.2596,33.6298
72.4995,0.105871,0.00466045,67.2596,33.6298
72.5995,0.105871,0.00459104,67.2597,33.6298
72.6995,0.10587,0.00452266,67.2597,33.6299
72.7995,0.10587,0.0044553,67.2598,33.6299
72.8995,0.105869,0.00438894,67.2598,33.6299
72.9995,0.105869,0.00432357,67.2599,33.6299
73.0995,0.105868,0.00425918,67.2599,33.63
73.1995,0.105868,0.00419574,67.26,33.63
73.2995,0.105867,0.00413325,67.26,33.63
73.3995,0.105867,0.00407169,67.26,33.63
73.4995,0.105867,0.00401104,67.2601,33.63
73.5994,0.105866,0.0039513,67.2601,33.6301
73.6994,0.105866,0.00389245,67.2602,33.6301
73.7994,0.105865,0.00383448,67.2602,33.6301
73.8994,0.105865,0.00377736,67.2602,33.6301
73.9994,0.105865,0.0037211,67.2603,33.6301
74.0994,0.105864,0.00366568,67.2603,33.6302
74.1994,0.105864,0.00361108,67.2604,33.6302
74.2994,0.105863,0.0035573,67.2604,33.6302
74.3994,0.105863,0.00350432,67.2604,33.6302
74.4994,0.105863,0.00345212,67.2605,33.6302
74.5994,0.105862,0.00340071,67.2605,33.6302
74.6994,0.105862,0.00335006,67.2605,33.6303
74.7994,0.105862,0.00330016,67.2606,33.6303
74.8994,0.105861,0.00325101,67.2606,33.6303
74.9994,0.105861,0.00320259,67.2606,33.6303
75.0994,0.10586,0.00315489,67.2607,33.6303
75.1994,0.10586,0.0031079,67.2607,33.6303
75.2994,0.10586,0.00306161,67.2607,33.6304
75.3994,0.105859,0.00301601,67.2607,33.6304
75.4994,0.105859,0.00297109,67.2608,33.6304
75.5994,0.105859,0.00292683,67.2608,33.6304
75.6994,0.105859,0.00288324,67.2608,33.6304
75.7994,0.105858,0.0028403,67.2609,33.6304
75.8994,0.105858,0.00279799,67.2609,33.6304
75.9994,0.105858,0.00275632,67.2609,33.6305
76.0994,0.105857,0.00271527,67.261,33.6305
76.1994,0.105857,0.00267483,67.261,33.6305
76.2994,0.105857,0.00263499,67.261,33.6305
76.3994,0.105857,0.00259574,67.261,33.6305
76.4994,0.105856,0.00255708,67.2611,33.6305
76.5994,0.105856,0.00251899,67.2611,33.6305
76.6994,0.105856,0.00248148,67.2611,33.6306
76.7994,0.105855,0.00244452,67.2611,33.6306
76.8994,0.105855,0.00240811,67.2612,33.6306
76.9994,0.105855,0.00237224,67.2612,33.6306
77.0994,0.105855,0.00233691,67.2612,33.6306
77.1994,0.105854,0.0023021,67.2612,33.6306
77.2994,0.105854,0.00226781,67.2613,33.6306
77.3994,0.105854,0.00223404,67.2613,33.6306
77.4994,0.105854,0.00220076,67.2613,33.6306
77.5994,0.105853,0.00216798,67.2613,33.6307
77.6994,0.105853,0.00213569,67.2613,33.6307
77.7994,0.105853,0.00210389,67.2614,33.6307
77.8994,0.105853,0.00207255,67.2614,33.6307
77.9994,0.105853,0.00204168,67.2614,33.6307
78.0994,0.105852,0.00201127,67.2614,33.6307
78.1994,0.105852,0.00198132,67.2614,33.6307
78.2994,0.105852,0.00195181,67.2615,33.6307
78.3994,0.105852,0.00192273,67.2615,33.6307
78.4994,0.105852,0.0018941,67.2615,33.6308
78.5994,0.105851,0.00186589,67.2615,33.6308
78.6994,0.105851,0.0018381,67.2615,33.6308
78.7994,0.105851,0.00181072,67.2616,33.6308
78.8994,0.105851,0.00178375,67.2616,33.6308
78.9994,0.105851,0.00175718,67.2616,33.6308
79.0994,0.10585,0.00173101,67.2616,33.6308
79.1994,0.10585,0.00170523,67.2616,33.6308
79.2994,0.10585,0.00167983,67.2616,33.6308
79.3994,0.10585,0.00165481,67.2617,33.6308
79.4994,0.10585,0.00163016,67.2617,33.6308
79.5994,0.105849,0.00160588,67.2617,33.6308
79.6994,0.105849,0.00158197,67.2617,33.6309
79.7994,0.105849,0.0015584,67.2617,33.6309
79.8994,0.105849,0.00153519,67.2617,33.6309
79.9994,0.105849,0.00151233,67.2618,33.6309
80.0993,0.105849,0.0014898,67.2618,33.6309
80.1993,0.105848,0.00146761,67.2618,33.6309
80.2993,0.105848,0.00144575,67.2618,33.6309
80.3993,0.105848,0.00142422,67.2618,33.6309
80.4993,0.105848,0.00140301,67.2618,33.6309
80.5993,0.105848,0.00138211,67.2618,33.6309
80.6993,0.105848,0.00136153,67.2619,33.6309
80.7993,0.105848,0.00134125,67.2619,33.6309
80.8993,0.105847,0.00132127,67.2619,33.6309
80.9993,0.105847,0.00130159,67.2619,33.631
81.0993,0.105847,0.00128221,67.2619,33.631
81.1993,0.105847,0.00126311,67.2619,33.631
81.2993,0.105847,0.0012443,67.2619,33.631
81.3993,0.105847,0.00122576,67.262,33.631
81.4993,0.105847,0.00120751,67.262,33.631
81.5993,0.105847,0.00118952,67.262,33.631
81.6993,0.105846,0.0011718,67.262,33.631
81.7993,0.105846,0.00115435,67.262,33.631
81.8993,0.105846,0.00113716,67.262,33.631
81.9993,0.105846,0.00112022,67.262,33.631
82.0993,0.105846,0.00110354,67.262,33.631
82.1993,0.105846,0.0010871,67.262,33.631
82.2993,0.105846,0.00107091,67.2621,33.631
82.3993,0.105846,0.00105496,67.2621,33.631
82.4993,0.105845,0.00103925,67.2621,33.631
82.5993,0.105845,0.00102377,67.2621,33.631
82.6993,0.105845,0.00100852,67.2621,33.631
82.7993,0.105845,0.000993498,67.2621,33.6311
82.8993,0.105845,0.0009787,67.2621,33.6311
82.9993,0.105845,0.000964124,67.2621,33.6311
83.0993,0.105845,0.000949764,67.2621,33.6311
83.1993,0.105845,0.000935618,67.2621,33.6311
83.2993,0.105845,0.000921683,67.2622,33.6311
83.3993,0.105845,0.000907955,67.2622,33.6311
83.4993,0.105844,0.000894432,67.2622,33.6311
83.5993,0.105844,0.00088111,67.2622,33.6311
83.6993,0.105844,0.000867986,67.2622,33.6311
83.7993,0.105844,0.000855059,67.2622,33.6311
83.8993,0.105844,0.000842323,67.2622,33.6311
83.9993,0.105844,0.000829777,67.2622,33.6311
84.0993,0.105844,0.000817419,67.2622,33.6311
84.1993,0.105844,0.000805244,67.2622,33.6311
84.2993,0.105844,0.00079325,67.2622,33.6311
84.3993,0.105844,0.000781436,67.2622,33.6311
84.4993,0.105844,0.000769797,67.2623,33.6311
84.5993,0.105843,0.000758331,67.2623,33.6311
84.6993,0.105843,0.000747037,67.2623,33.6311
84.7993,0.105843,0.00073591,67.2623,33.6311
84.8993,0.105843,0.000724949,67.2623,33.6311
84.9993,0.105843,0.000714152,67.2623,33.6311
85.0993,0.105843,0.000703515,67.2623,33.6312
85.1993,0.105843,0.000693037,67.2623,33.6312
85.2993,0.105843,0.000682715,67.2623,33.6312
85.3993,0.105843,0.000672546,67.2623,33.6312
85.4993,0.105843,0.000662529,67.2623,33.6312
85.5993,0.105843,0.000652661,67.2623,33.6312
85.6993,0.105843,0.000642941,67.2623,33.6312
85.7993,0.105843,0.000633365,67.2623,33.6312
85.8993,0.105842,0.000623931,67.2624,33.6312
85.9993,0.105842,0.000614638,67.2624,33.6312
86.0993,0.105842,0.000605484,67.2624,33.6312
86.1993,0.105842,0.000596466,67.2624,33.6312
86.2993,0.105842,0.000587582,67.2624,33.6312
86.3993,0.105842,0.00057883,67.2624,33.6312
86.4993,0.105842,0.000570209,67.2624,33.6312
86.5993,0.105842,0.000561716,67.2624,33.6312
86.6992,0.105842,0.00055335,67.2624,33.6312
86.7992,0.105842,0.000545108,67.2624,33.6312
86.8992,0.105842,0.000536989,67.2624,33.6312
86.9992,0.105842,0.000528991,67.2624,33.6312
87.0992,0.105842,0.000521112,67.2624,33.6312
87.1992,0.105842,0.000513351,67.2624,33.6312
87.2992,0.105842,0.000505705,67.2624,33.6312
87.3992,0.105842,0.000498173,67.2624,33.6312
87.4992,0.105842,0.000490753,67.2624,33.6312
87.5992,0.105841,0.000483444,67.2625,33.6312
87.6992,0.105841,0.000476243,67.2625,33.6312
87.7992,0.105841,0.00046915,67.2625,33.6312
87.8992,0.105841,0.000462162,67.2625,33.6312
87.9992,0.105841,0.000455279,67.2625,33.6312
88.0992,0.105841,0.000448498,67.2625,33.6312
88.1992,0.105841,0.000441818,67.2625,33.6312
88.2992,0.105841,0.000435237,67.2625,33.6312
88.3992,0.105841,0.000428755,67.2625,33.6312
88.4992,0.105841,0.000422369,67.2625,33.6312
88.5992,0.105841,0.000416078,67.2625,33.6312
88.6992,0.105841,0.000409881,67.2625,33.6312
88.7992,0.105841,0.000403776,67.2625,33.6313
88.8992,0.105841,0.000397762,67.2625,33.6313
88.9992,0.105841,0.000391838,67.2625,33.6313
89.0992,0.105841,0.000386002,67.2625,33.6313
89.1992,0.105841,0.000380253,67.2625,33.6313
89.2992,0.105841,0.000374589,67.2625,33.6313
89.3992,0.105841,0.00036901,67.2625,33.6313
89.4992,0.105841,0.000363514,67.2625,33.6313
89.5992,0.105841,0.0003581,67.2625,33.6313
89.6992,0.105841,0.000352766,67.2625,33.6313
89.7992,0.105841,0.000347512,67.2625,33.6313
89.8992,0.10584,0.000342336,67.2625,33.6313
89.9992,0.10584,0.000337237,67.2625,33.6313
90.0992,0.10584,0.000332214,67.2626,33.6313
90.1992,0.10584,0.000327266,67.2626,33.6313
90.2992,0.10584,0.000322392,67.2626,33.6313
90.3992,0.10584,0.00031759,67.2626,33.6313
90.4992,0.10584,0.00031286,67.2626,33.6313
90.5992,0.10584,0.0003082,67.2626,33.6313
90.6992,0.10584,0.00030361,67.2626,33.6313
90.7992,0.10584,0.000299088,67.2626,33.6313
90.8992,0.10584,0.000294633,67.2626,33.6313
90.9992,0.10584,0.000290245,67.2626,33.6313
91.0992,0.10584,0.000285922,67.2626,33.6313
91.1992,0.10584,0.000281663,67.2626,33.6313
91.2992,0.10584,0.000277468,67.2626,33.6313
91.3992,0.10584,0.000273335,67.2626,33.6313
91.4992,0.10584,0.000269264,67.2626,33.6313
91.5992,0.10584,0.000265254,67.2626,33.6313
91.6992,0.10584,0.000261303,67.2626,33.6313
91.7992,0.10584,0.000257411,67.2626,33.6313
91.8992,0.10584,0.000253577,67.2626,33.6313
91.9992,0.10584,0.0002498,67.2626,33.6313
92.0992,0.10584,0.00024608,67.2626,33.6313
92.1992,0.10584,0.000242415,67.2626,33.6313
92.2992,0.10584,0.000238804,67.2626,33.6313
92.3992,0.10584,0.000235247,67.2626,33.6313
92.4992,0.10584,0.000231744,67.2626,33.6313
92.5992,0.10584,0.000228292,67.2626,33.6313
92.6992,0.10584,0.000224892,67.2626,33.6313
92.7992,0.10584,0.000221542,67.2626,33.6313
92.8992,0.10584,0.000218242,67.2626,33.6313
92.9992,0.10584,0.000214992,67.2626,33.6313
93.0992,0.10584,0.00021179,67.2626,33.6313
93.1992,0.10584,0.000208635,67.2626,33.6313
93.2991,0.10584,0.000205528,67.2626,33.6313
93.3991,0.105839,0.000202467,67.2626,33.6313
93.4991,0.105839,0.000199451,67.2626,33.6313
93.5991,0.105839,0.000196481,67.2626,33.6313
93.6991,0.105839,0.000193554,67.2626,33.6313
93.7991,0.105839,0.000190671,67.2626,33.6313
93.8991,0.105839,0.000187831,67.2626,33.6313
93.9991,0.105839,0.000185034,67.2627,33.6313
94.0991,0.105839,0.000182278,67.2627,33.6313
94.1991,0.105839,0.000179563,67.2627,33.6313
94.2991,0.105839,0.000176889,67.2627,33.6313
94.3991,0.105839,0.000174254,67.2627,33.6313
94.4991,0.105839,0.000171659,67.2627,33.6313
94.5991,0.105839,0.000169102,67.2627,33.6313
94.6991,0.105839,0.000166583,67.2627,33.6313
94.7991,0.105839,0.000164102,67.2627,33.6313
94.8991,0.105839,0.000161658,67.2627,33.6313
94.9991,0.105839,0.00015925,67.2627,33.6313
95.0991,0.105839,0.000156878,67.2627,33.6313
95.1991,0.105839,0.000154542,67.2627,33.6313
95.2991,0.105839,0.00015224,67.2627,33.6313
95.3991,0.105839,0.000149972,67.2627,33.6313
95.4991,0.105839,0.000147739,67.2627,33.6313
95.5991,0.105839,0.000145538,67.2627,33.6313
95.6991,0.105839,0.000143371,67.2627,33.6313
95.7991,0.105839,0.000141235,67.2627,33.6313
95.8991,0.105839,0.000139132,67.2627,33.6313
95.9991,0.105839,0.000137059,67.2627,33.6313
96.0991,0.105839,0.000135018,67.2627,33.6313
96.1991,0.105839,0.000133007,67.2627,33.6313
96.2991,0.105839,0.000131026,67.2627,33.6313
96.3991,0.105839,0.000129075,67.2627,33.6313
96.4991,0.105839,0.000127152,67.2627,33.6313
96.5991,0.105839,0.000125258,67.2627,33.6313
96.6991,0.105839,0.000123393,67.2627,33.6313
96.7991,0.105839,0.000121555,67.2627,33.6313
96.8991,0.105839,0.000119744,67.2627,33.6313
96.9991,0.105839,0.000117961,67.2627,33.6313
97.0991,0.105839,0.000116204,67.2627,33.6313
97.1991,0.105839,0.000114473,67.2627,33.6313
97.2991,0.105839,0.000112768,67.2627,33.6313
97.3991,0.105839,0.000111089,67.2627,33.6314
97.4991,0.105839,0.000109434,67.2627,33.6314
97.5991,0.105839,0.000107804,67.2627,33.6314
97.6991,0.105839,0.000106198,67.2627,33.6314
97.7991,0.105839,0.000104617,67.2627,33.6314
97.8991,0.105839,0.000103059,67.2627,33.6314
97.9991,0.105839,0.000101524,67.2627,33.6314
98.0991,0.105839,0.000100011,67.2627,33.6314
98.1991,0.105839,9.85219e-05,67.2627,33.6314
98.2991,0.105839,9.70545e-05,67.2627,33.6314
98.3991,0.105839,9.56089e-05,67.2627,33.6314
98.4991,0.105839,9.41849e-05,67.2627,33.6314
98.5991,0.105839,9.27821e-05,67.2627,33.6314
98.6991,0.105839,9.14002e-05,67.2627,33.6314
98.7991,0.105839,9.00389e-05,67.2627,33.6314
98.8991,0.105839,8.86978e-05,67.2627,33.6314
98.9991,0.105839,8.73767e-05,67.2627,33.6314
99.0991,0.105839,8.60753e-05,67.2627,33.6314
99.1991,0.105839,8.47933e-05,67.2627,33.6314
99.2991,0.105839,8.35304e-05,67.2627,33.6314
99.3991,0.105839,8.22863e-05,67.2627,33.6314
99.4991,0.105839,8.10607e-05,67.2627,33.6314
99.5991,0.105839,7.98533e-05,67.2627,33.6314
99.6991,0.105839,7.8664e-05,67.2627,33.6314
99.799,0.105839,7.74924e-05,67.2627,33.6314
99.899,0.105839,7.63382e-05,67.2627,33.6314
99.999,0.105839,7.52012e-05,67.2627,33.6314
100.099,0.105839,7.40811e-05,67.2627,33.6314
100.199,0.105839,7.29777e-05,67.2627,33.6314
100.299,0.105839,7.18908e-05,67.2627,33.6314
100.399,0.105839,7.08201e-05,67.2627,33.6314
100.499,0.105839,6.97652e-05,67.2627,33.6314
100.599,0.105839,6.87262e-05,67.2627,33.6314
100.699,0.105839,6.77025e-05,67.2627,33.6314
100.799,0.105839,6.66942e-05,67.2627,33.6314
100.899,0.105839,6.57008e-05,67.2627,33.6314
100.999,0.105839,6.47222e-05,67.2627,33.6314
101.099,0.105839,6.37583e-05,67.2627,33.6314
101.199,0.105839,6.28086e-05,67.2627,33.6314
101.299,0.105838,6.18732e-05,67.2627,33.6314
101.399,0.105838,6.09516e-05,67.2627,33.6314
101.499,0.105838,6.00438e-05,67.2627,33.6314
101.599,0.105838,5.91495e-05,67.2627,33.6314
101.699,0.105838,5.82685e-05,67.2627,33.6314
101.799,0.105838,5.74006e-05,67.2627,33.6314
101.899,0.105838,5.65457e-05,67.2627,33.6314
101.999,0.105838,5.57035e-05,67.2627,33.6314
102.099,0.105838,5.48738e-05,67.2627,33.6314
102.199,0.105838,5.40565e-05,67.2627,33.6314
102.299,0.105838,5.32514e-05,67.2627,33.6314
102.399,0.105838,5.24583e-05,67.2627,33.6314
102.499,0.105838,5.1677e-05,67.2627,33.6314
102.599,0.105838,5.09073e-05,67.2627,33.6314
102.699,0.105838,5.01491e-05,67.2627,33.6314
102.799,0.105838,4.94021e-05,67.2627,33.6314
102.899,0.105838,4.86663e-05,67.2627,33.6314
102.999,0.105838,4.79415e-05,67.2627,33.6314
103.099,0.105838,4.72274e-05,67.2627,33.6314
103.199,0.105838,4.6524e-05,67.2627,33.6314
103.299,0.105838,4.58311e-05,67.2627,33.6314
103.399,0.105838,4.51485e-05,67.2627,33.6314
103.499,0.105838,4.4476e-05,67.2627,33.6314
103.599,0.105838,4.38136e-05,67.2627,33.6314
103.699,0.105838,4.3161e-05,67.2627,33.6314
103.799,0.105838,4.25182e-05,67.2627,33.6314
103.899,0.105838,4.18849e-05,67.2627,33.6314
103.999,0.105838,4.12611e-05,67.2627,33.6314
104.099,0.105838,4.06465e-05,67.2627,33.6314
104.199,0.105838,4.00411e-05,67.2627,33.6314
104.299,0.105838,3.94447e-05,67.2627,33.6314
104.399,0.105838,3.88572e-05,67.2627,33.6314
104.499,0.105838,3.82785e-05,67.2627,33.6314
104.599,0.105838,3.77084e-05,67.2627,33.6314
104.699,0.105838,3.71467e-05,67.2627,33.6314
104.799,0.105838,3.65935e-05,67.2628,33.6314
104.899,0.105838,3.60484e-05,67.2628,33.6314
104.999,0.105838,3.55115e-05,67.2628,33.6314
105.099,0.105838,3.49826e-05,67.2628,33.6314
105.199,0.105838,3.44616e-05,67.2628,33.6314
105.299,0.105838,3.39483e-05,67.2628,33.6314
105.399,0.105838,3.34427e-05,67.2628,33.6314
105.499,0.105838,3.29446e-05,67.2628,33.6314
105.599,0.105838,3.24539e-05,67.2628,33.6314
105.699,0.105838,3.19705e-05,67.2628,33.6314
105.799,0.105838,3.14943e-05,67.2628,33.6314
105.899,0.105838,3.10253e-05,67.2628,33.6314
105.999,0.105838,3.05632e-05,67.2628,33.6314
106.099,0.105838,3.01079e-05,67.2628,33.6314
106.199,0.105838,2.96595e-05,67.2628,33.6314
106.299,0.105838,2.92178e-05,67.2628,33.6314
106.399,0.105838,2.87826e-05,67.2628,33.6314
106.499,0.105838,2.83539e-05,67.2628,33.6314
106.599,0.105838,2.79316e-05,67.2628,33.6314
106.699,0.105838,2.75156e-05,67.2628,33.6314
106.799,0.105838,2.71057e-05,67.2628,33.6314
106.899,0.105838,2.6702e-05,67.2628,33.6314
106.999,0.105838,2.63043e-05,67.2628,33.6314
107.099,0.105838,2.59125e-05,67.2628,33.6314
107.199,0.105838,2.55266e-05,67.2628,33.6314
107.299,0.105838,2.51464e-05,67.2628,33.6314
107.399,0.105838,2.47719e-05,67.2628,33.6314
107.499,0.105838,2.44029e-05,67.2628,33.6314
107.599,0.105838,2.40395e-05,67.2628,33.6314
107.699,0.105838,2.36814e-05,67.2628,33.6314
107.799,0.105838,2.33287e-05,67.2628,33.6314
107.899,0.105838,2.29812e-05,67.2628,33.6314
107.999,0.105838,2.26389e-05,67.2628,33.6314
108.099,0.105838,2.23018e-05,67.2628,33.6314
108.199,0.105838,2.19696e-05,67.2628,33.6314
108.299,0.105838,2.16424e-05,67.2628,33.6314
108.399,0.105838,2.132e-05,67.2628,33.6314
108.499,0.105838,2.10025e-05,67.2628,33.6314
108.599,0.105838,2.06897e-05,67.2628,33.6314
108.699,0.105838,2.03815e-05,67.2628,33.6314
108.799,0.105838,2.00779e-05,67.2628,33.6314
108.899,0.105838,1.97789e-05,67.2628,33.6314
108.999,0.105838,1.94843e-05,67.2628,33.6314
109.099,0.105838,1.91941e-05,67.2628,33.6314
109.199,0.105838,1.89082e-05,67.2628,33.6314
109.299,0.105838,1.86266e-05,67.2628,33.6314
109.399,0.105838,1.83492e-05,67.2628,33.6314
109.499,0.105838,1.80759e-05,67.2628,33.6314
109.599,0.105838,1.78067e-05,67.2628,33.6314
109.699,0.105838,1.75414e-05,67.2628,33.6314
109.799,0.105838,1.72802e-05,67.2628,33.6314
109.899,0.105838,1.70228e-05,67.2628,33.6314
109.999,0.105838,1.67693e-05,67.2628,33.6314
110.099,0.105838,1.65195e-05,67.2628,33.6314
110.199,0.105838,1.62735e-05,67.2628,33.6314
110.299,0.105838,1.60311e-05,67.2628,33.6314
110.399,0.105838,1.57923e-05,67.2628,33.6314
110.499,0.105838,1.55571e-05,67.2628,33.6314
110.599,0.105838,1.53254e-05,67.2628,33.6314
110.699,0.105838,1.50971e-05,67.2628,33.6314
110.799,0.105838,1.48723e-05,67.2628,33.6314
110.899,0.105838,1.46508e-05,67.2628,33.6314
110.999,0.105838,1.44325e-05,67.2628,33.6314
111.099,0.105838,1.42176e-05,67.2628,33.6314
111.199,0.105838,1.40058e-05,67.2628,33.6314
111.299,0.105838,1.37972e-05,67.2628,33.6314
111.399,0.105838,1.35917e-05,67.2628,33.6314
111.499,0.105838,1.33893e-05,67.2628,33.6314
111.599,0.105838,1.31899e-05,67.2628,33.6314
111.699,0.105838,1.29934e-05,67.2628,33.6314
111.799,0.105838,1.27999e-05,67.2628,33.6314
111.899,0.105838,1.26092e-05,67.2628,33.6314
111.999,0.105838,1.24214e-05,67.2628,33.6314
112.099,0.105838,1.22364e-05,67.2628,33.6314
112.199,0.105838,1.20542e-05,67.2628,33.6314
112.299,0.105838,1.18746e-05,67.2628,33.6314
112.399,0.105838,1.16978e-05,67.2628,33.6314
112.499,0.105838,1.15235e-05,67.2628,33.6314
112.599,0.105838,1.13519e-05,67.2628,33.6314
112.699,0.105838,1.11828e-05,67.2628,33.6314
112.799,0.105838,1.10163e-05,67.2628,33.6314
112.899,0.105838,1.08522e-05,67.2628,33.6314
112.999,0.105838,1.06906e-05,67.2628,33.6314
113.099,0.105838,1.05313e-05,67.2628,33.6314
113.199,0.105838,1.03745e-05,67.2628,33.6314
113.299,0.105838,1.022e-05,67.2628,33.6314
113.399,0.105838,1.00677e-05,67.2628,33.6314
113.499,0.105838,9.9178e-06,67.2628,33.6314
113.599,0.105838,9.77008e-06,67.2628,33.6314
113.699,0.105838,9.62456e-06,67.2628,33.6314
113.799,0.105838,9.48121e-06,67.2628,33.6314
113.899,0.105838,9.34e-06,67.2628,33.6314
113.999,0.105838,9.20089e-06,67.2628,33.6314
114.099,0.105838,9.06385e-06,67.2628,33.6314
114.199,0.105838,8.92885e-06,67.2628,33.6314
114.299,0.105838,8.79586e-06,67.2628,33.6314
114.399,0.105838,8.66485e-06,67.2628,33.6314
114.499,0.105838,8.5358e-06,67.2628,33.6314
114.599,0.105838,8.40866e-06,67.2628,33.6314
114.699,0.105838,8.28342e-06,67.2628,33.6314
114.799,0.105838,8.16005e-06,67.2628,33.6314
114.899,0.105838,8.03851e-06,67.2628,33.6314
114.999,0.105838,7.91879e-06,67.2628,33.6314
115.099,0.105838,7.80084e-06,67.2628,33.6314
115.199,0.105838,7.68466e-06,67.2628,33.6314
115.299,0.105838,7.5702e-06,67.2628,33.6314
115.399,0.105838,7.45745e-06,67.2628,33.6314
115.499,0.105838,7.34637e-06,67.2628,33.6314
115.599,0.105838,7.23696e-06,67.2628,33.6314
115.699,0.105838,7.12917e-06,67.2628,33.6314
115.799,0.105838,7.02299e-06,67.2628,33.6314
115.899,0.105838,6.91838e-06,67.2628,33.6314
115.999,0.105838,6.81534e-06,67.2628,33.6314
116.099,0.105838,6.71383e-06,67.2628,33.6314
116.199,0.105838,6.61383e-06,67.2628,33.6314
116.299,0.105838,6.51533e-06,67.2628,33.6314
116.399,0.105838,6.41829e-06,67.2628,33.6314
116.499,0.105838,6.32269e-06,67.2628,33.6314
116.599,0.105838,6.22852e-06,67.2628,33.6314
116.699,0.105838,6.13575e-06,67.2628,33.6314
116.799,0.105838,6.04436e-06,67.2628,33.6314
116.899,0.105838,5.95434e-06,67.2628,33.6314
116.999,0.105838,5.86565e-06,67.2628,33.6314
117.099,0.105838,5.77829e-06,67.2628,33.6314
117.199,0.105838,5.69223e-06,67.2628,33.6314
117.299,0.105838,5.60745e-06,67.2628,33.6314
117.399,0.105838,5.52393e-06,67.2628,33.6314
117.499,0.105838,5.44165e-06,67.2628,33.6314
117.599,0.105838,5.36061e-06,67.2628,33.6314
117.699,0.105838,5.28076e-06,67.2628,33.6314
117.799,0.105838,5.20211e-06,67.2628,33.6314
117.899,0.105838,5.12463e-06,67.2628,33.6314
117.999,0.105838,5.0483e-06,67.2628,33.6314
118.099,0.105838,4.97311e-06,67.2628,33.6314
118.199,0.105838,4.89904e-06,67.2628,33.6314
118.299,0.105838,4.82608e-06,67.2628,33.6314
118.399,0.105838,4.75419e-06,67.2628,33.6314
118.499,0.105838,4.68338e-06,67.2628,33.6314
118.599,0.105838,4.61363e-06,67.2628,33.6314
118.699,0.105838,4.54491e-06,67.2628,33.6314
118.799,0.105838,4.47722e-06,67.2628,33.6314
118.899,0.105838,4.41054e-06,67.2628,33.6314
118.999,0.105838,4.34485e-06,67.2628,33.6314
119.099,0.105838,4.28013e-06,67.2628,33.6314
119.199,0.105838,4.21638e-06,67.2628,33.6314
119.299,0.105838,4.15358e-06,67.2628,33.6314
119.399,0.105838,4.09172e-06,67.2628,33.6314
119.499,0.105838,4.03078e-06,67.2628,33.6314
119.599,0.105838,3.97074e-06,67.2628,33.6314
119.699,0.105838,3.9116e-06,67.2628,33.6314
119.799,0.105838,3.85334e-06,67.2628,33.6314
119.899,0.105838,3.79595e-06,67.2628,33.6314
119.999,0.105838,3.73941e-06,67.2628,33.6314
120.099,0.105838,3.68372e-06,67.2628,33.6314
120.199,0.105838,3.62885e-06,67.2628,33.6314
120.299,0.105838,3.5748e-06,67.2628,33.6314
120.399,0.105838,3.52156e-06,67.2628,33.6314
120.499,0.105838,3.46911e-06,67.2628,33.6314
120.599,0.105838,3.41744e-06,67.2628,33.6314
120.699,0.105838,3.36654e-06,67.2628,33.6314
120.799,0.105838,3.3164e-06,67.2628,33.6314
120.899,0.105838,3.267e-06,67.2628,33.6314
120.999,0.105838,3.21834e-06,67.2628,33.6314
121.099,0.105838,3.17041e-06,67.2628,33.6314
121.199,0.105838,3.12319e-06,67.2628,33.6314
121.299,0.105838,3.07667e-06,67.2628,33.6314
121.399,0.105838,3.03085e-06,67.2628,33.6314
121.499,0.105838,2.9857e-06,67.2628,33.6314
121.599,0.105838,2.94123e-06,67.2628,33.6314
121.699,0.105838,2.89743e-06,67.2628,33.6314
121.799,0.105838,2.85427e-06,67.2628,33.6314
121.899,0.105838,2.81176e-06,67.2628,33.6314
121.999,0.105838,2.76988e-06,67.2628,33.6314
122.099,0.105838,2.72863e-06,67.2628,33.6314
122.199,0.105838,2.68799e-06,67.2628,33.6314
122.299,0.105838,2.64795e-06,67.2628,33.6314
122.399,0.105838,2.60851e-06,67.2628,33.6314
122.499,0.105838,2.56966e-06,67.2628,33.6314
122.599,0.105838,2.53139e-06,67.2628,33.6314
122.699,0.105838,2.49368e-06,67.2628,33.6314
122.799,0.105838,2.45654e-06,67.2628,33.6314
122.899,0.105838,2.41995e-06,67.2628,33.6314
122.999,0.105838,2.38391e-06,67.2628,33.6314
123.099,0.105838,2.3484e-06,67.2628,33.6314
123.199,0.105838,2.31343e-06,67.2628,33.6314
123.299,0.105838,2.27897e-06,67.2628,33.6314
123.399,0.105838,2.24503e-06,67.2628,33.6314
123.499,0.105838,2.21159e-06,67.2628,33.6314
123.599,0.105838,2.17865e-06,67.2628,33.6314
123.699,0.105838,2.1462e-06,67.2628,33.6314
123.799,0.105838,2.11423e-06,67.2628,33.6314
123.899,0.105838,2.08274e-06,67.2628,33.6314
123.999,0.105838,2.05172e-06,67.2628,33.6314
124.099,0.105838,2.02117e-06,67.2628,33.6314
124.199,0.105838,1.99106e-06,67.2628,33.6314
124.299,0.105838,1.96141e-06,67.2628,33.6314
124.399,0.105838,1.93219e-06,67.2628,33.6314
124.499,0.105838,1.90341e-06,67.2628,33.6314
124.599,0.105838,1.87506e-06,67.2628,33.6314
124.699,0.105838,1.84714e-06,67.2628,33.6314
124.799,0.105838,1.81963e-06,67.2628,33.6314
124.899,0.105838,1.79252e-06,67.2628,33.6314
124.999,0.105838,1.76583e-06,67.2628,33.6314
125.099,0.105838,1.73953e-06,67.2628,33.6314
125.199,0.105838,1.71362e-06,67.2628,33.6314
125.299,0.105838,1.68809e-06,67.2628,33.6314
125.399,0.105838,1.66295e-06,67.2628,33.6314
125.499,0.105838,1.63818e-06,67.2628,33.6314
125.599,0.105838,1.61378e-06,67.2628,33.6314
125.699,0.105838,1.58975e-06,67.2628,33.6314
125.799,0.105838,1.56607e-06,67.2628,33.6314
125.899,0.105838,1.54274e-06,67.2628,33.6314
125.999,0.105838,1.51977e-06,67.2628,33.6314
126.099,0.105838,1.49713e-06,67.2628,33.6314
126.199,0.105838,1.47483e-06,67.2628,33.6314
126.299,0.105838,1.45287e-06,67.2628,33.6314
126.399,0.105838,1.43123e-06,67.2628,33.6314
126.499,0.105838,1.40991e-06,67.2628,33.6314
126.599,0.105838,1.38891e-06,67.2628,33.6314
126.699,0.105838,1.36822e-06,67.2628,33.6314
126.799,0.105838,1.34785e-06,67.2628,33.6314
126.899,0.105838,1.32777e-06,67.2628,33.6314
126.999,0.105838,1.30799e-06,67.2628,33.6314
127.099,0.105838,1.28851e-06,67.2628,33.6314
127.199,0.105838,1.26932e-06,67.2628,33.6314
127.299,0.105838,1.25042e-06,67.2628,33.6314
127.399,0.105838,1.23179e-06,67.2628,33.6314
127.499,0.105838,1.21345e-06,67.2628,33.6314
127.599,0.105838,1.19537e-06,67.2628,33.6314
127.699,0.105838,1.17757e-06,67.2628,33.6314
127.799,0.105838,1.16003e-06,67.2628,33.6314
127.899,0.105838,1.14275e-06,67.2628,33.6314
127.999,0.105838,1.12573e-06,67.2628,33.6314
128.099,0.105838,1.10896e-06,67.2628,33.6314
128.199,0.105838,1.09245e-06,67.2628,33.6314
128.299,0.105838,1.07618e-06,67.2628,33.6314
128.399,0.105838,1.06015e-06,67.2628,33.6314
128.499,0.105838,1.04436e-06,67.2628,33.6314
128.599,0.105838,1.0288e-06,67.2628,33.6314
128.699,0.105838,1.01348e-06,67.2628,33.6314
128.799,0.105838,9.98384e-07,67.2628,33.6314
128.899,0.105838,9.83514e-07,67.2628,33.6314
128.999,0.105838,9.68866e-07,67.2628,33.6314
129.099,0.105838,9.54435e-07,67.2628,33.6314
129.199,0.105838,9.4022e-07,67.2628,33.6314
129.299,0.105838,9.26216e-07,67.2628,33.6314
129.399,0.105838,9.12421e-07,67.2628,33.6314
129.499,0.105838,8.98831e-07,67.2628,33.6314
129.599,0.105838,8.85444e-07,67.2628,33.6314
129.699,0.105838,8.72256e-07,67.2628,33.6314
129.799,0.105838,8.59264e-07,67.2628,33.6314
129.899,0.105838,8.46466e-07,67.2628,33.6314
129.999,0.105838,8.33859e-07,67.2628,33.6314
130.099,0.105838,8.21439e-07,67.2628,33.6314
130.199,0.105838,8.09205e-07,67.2628,33.6314
130.299,0.105838,7.97152e-07,67.2628,33.6314
130.399,0.105838,7.85279e-07,67.2628,33.6314
130.499,0.105838,7.73583e-07,67.2628,33.6314
130.599,0.105838,7.62061e-07,67.2628,33.6314
130.699,0.105838,7.50711e-07,67.2628,33.6314
130.799,0.105838,7.3953e-07,67.2628,33.6314
130.899,0.105838,7.28515e-07,67.2628,33.6314
130.999,0.105838,7.17665e-07,67.2628,33.6314
131.099,0.105838,7.06975e-07,67.2628,33.6314
131.199,0.105838,6.96446e-07,67.2628,33.6314
131.299,0.105838,6.86073e-07,67.2628,33.6314
131.399,0.105838,6.75854e-07,67.2628,33.6314
131.499,0.105838,6.65788e-07,67.2628,33.6314
131.599,0.105838,6.55872e-07,67.2628,33.6314
131.699,0.105838,6.46103e-07,67.2628,33.6314
131.799,0.105838,6.3648e-07,67.2628,33.6314
131.899,0.105838,6.27e-07,67.2628,33.6314
131.999,0.105838,6.17661e-07,67.2628,33.6314
132.099,0.105838,6.08462e-07,67.2628,33.6314
132.199,0.105838,5.99399e-07,67.2628,33.6314
132.299,0.105838,5.90472e-07,67.2628,33.6314
132.399,0.105838,5.81677e-07,67.2628,33.6314
132.499,0.105838,5.73014e-07,67.2628,33.6314
132.599,0.105838,5.64479e-07,67.2628,33.6314
132.699,0.105838,5.56072e-07,67.2628,33.6314
132.799,0.105838,5.47789e-07,67.2628,33.6314
132.899,0.105838,5.3963e-07,67.2628,33.6314
132.999,0.105838,5.31593e-07,67.2628,33.6314
133.099,0.105838,5.23675e-07,67.2628,33.6314
133.199,0.105838,5.15876e-07,67.2628,33.6314
133.299,0.105838,5.08192e-07,67.2628,33.6314
133.399,0.105838,5.00623e-07,67.2628,33.6314
133.499,0.105838,4.93167e-07,67.2628,33.6314
133.599,0.105838,4.85821e-07,67.2628,33.6314
133.699,0.105838,4.78586e-07,67.2628,33.6314
133.799,0.105838,4.71457e-07,67.2628,33.6314
133.899,0.105838,4.64435e-07,67.2628,33.6314
133.999,0.105838,4.57518e-07,67.2628,33.6314
134.099,0.105838,4.50704e-07,67.2628,33.6314
134.199,0.105838,4.43991e-07,67.2628,33.6314
134.299,0.105838,4.37378e-07,67.2628,33.6314
134.399,0.105838,4.30864e-07,67.2628,33.6314
134.499,0.105838,4.24446e-07,67.2628,33.6314
134.599,0.105838,4.18124e-07,67.2628,33.6314
134.699,0.105838,4.11897e-07,67.2628,33.6314
134.799,0.105838,4.05762e-07,67.2628,33.6314
134.899,0.105838,3.99719e-07,67.2628,33.6314
134.999,0.105838,3.93765e-07,67.2628,33.6314
135.099,0.105838,3.879e-07,67.2628,33.6314
135.199,0.105838,3.82123e-07,67.2628,33.6314
135.299,0.105838,3.76431e-07,67.2628,33.6314
135.399,0.105838,3.70825e-07,67.2628,33.6314
135.499,0.105838,3.65302e-07,67.2628,33.6314
135.599,0.105838,3.59861e-07,67.2628,33.6314
135.699,0.105838,3.54501e-07,67.2628,33.6314
135.799,0.105838,3.49221e-07,67.2628,33.6314
135.899,0.105838,3.4402e-07,67.2628,33.6314
135.999,0.105838,3.38896e-07,67.2628,33.6314
136.099,0.105838,3.33848e-07,67.2628,33.6314
136.199,0.105838,3.28876e-07,67.2628,33.6314
136.299,0.105838,3.23977e-07,67.2628,33.6314
136.399,0.105838,3.19152e-07,67.2628,33.6314
136.499,0.105838,3.14399e-07,67.2628,33.6314
136.599,0.105838,3.09716e-07,67.2628,33.6314
136.699,0.105838,3.05103e-07,67.2628,33.6314
136.799,0.105838,3.00559e-07,67.2628,33.6314
136.899,0.105838,2.96082e-07,67.2628,33.6314
136.999,0.105838,2.91672e-07,67.2628,33.6314
137.099,0.105838,2.87328e-07,67.2628,33.6314
137.199,0.105838,2.83048e-07,67.2628,33.6314
137.299,0.105838,2.78833e-07,67.2628,33.6314
137.399,0.105838,2.7468e-07,67.2628,33.6314
137.499,0.105838,2.70589e-07,67.2628,33.6314
137.599,0.105838,2.66558e-07,67.2628,33.6314
137.699,0.105838,2.62588e-07,67.2628,33.6314
137.799,0.105838,2.58677e-07,67.2628,33.6314
137.899,0.105838,2.54824e-07,67.2628,33.6314
137.999,0.105838,2.51029e-07,67.2628,33.6314
138.099,0.105838,2.4729e-07,67.2628,33.6314
138.199,0.105838,2.43607e-07,67.2628,33.6314
138.299,0.105838,2.39979e-07,67.2628,33.6314
138.399,0.105838,2.36404e-07,67.2628,33.6314
138.499,0.105838,2.32883e-07,67.2628,33.6314
138.599,0.105838,2.29415e-07,67.2628,33.6314
138.699,0.105838,2.25998e-07,67.2628,33.6314
138.799,0.105838,2.22632e-07,67.2628,33.6314
138.899,0.105838,2.19316e-07,67.2628,33.6314
138.999,0.105838,2.16049e-07,67.2628,33.6314
139.099,0.105838,2.12831e-07,67.2628,33.6314
139.199,0.105838,2.09661e-07,67.2628,33.6314
139.299,0.105838,2.06539e-07,67.2628,33.6314
139.399,0.105838,2.03463e-07,67.2628,33.6314
139.499,0.105838,2.00432e-07,67.2628,33.6314
139.599,0.105838,1.97447e-07,67.2628,33.6314
139.699,0.105838,1.94506e-07,67.2628,33.6314
139.799,0.105838,1.91609e-07,67.2628,33.6314
139.899,0.105838,1.88755e-07,67.2628,33.6314
139.999,0.105838,1.85944e-07,67.2628,33.6314
140.099,0.105838,1.83174e-07,67.2628,33.6314
140.199,0.105838,1.80446e-07,67.2628,33.6314
140.299,0.105838,1.77759e-07,67.2628,33.6314
140.399,0.105838,1.75111e-07,67.2628,33.6314
140.499,0.105838,1.72503e-07,67.2628,33.6314
140.599,0.105838,1.69934e-07,67.2628,33.6314
140.699,0.105838,1.67403e-07,67.2628,33.6314
140.799,0.105838,1.64909e-07,67.2628,33.6314
140.899,0.105838,1.62453e-07,67.2628,33.6314
140.999,0.105838,1.60033e-07,67.2628,33.6314
141.099,0.105838,1.5765e-07,67.2628,33.6314
141.199,0.105838,1.55302e-07,67.2628,33.6314
141.299,0.105838,1.52989e-07,67.2628,33.6314
141.399,0.105838,1.5071e-07,67.2628,33.6314
141.499,0.105838,1.48465e-07,67.2628,33.6314
141.599,0.105838,1.46254e-07,67.2628,33.6314
141.699,0.105838,1.44076e-07,67.2628,33.6314
141.799,0.105838,1.4193e-07,67.2628,33.6314
141.899,0.105838,1.39816e-07,67.2628,33.6314
141.999,0.105838,1.37734e-07,67.2628,33.6314
142.099,0.105838,1.35682e-07,67.2628,33.6314
142.199,0.105838,1.33661e-07,67.2628,33.6314
142.299,0.105838,1.3167e-07,67.2628,33.6314
142.399,0.105838,1.29709e-07,67.2628,33.6314
142.499,0.105838,1.27777e-07,67.2628,33.6314
142.6,0.105838,1.25874e-07,67.2628,33.6314
142.7,0.105838,1.23999e-07,67.2628,33.6314
142.8,0.105838,1.22153e-07,67.2628,33.6314
142.9,0.105838,1.20333e-07,67.2628,33.6314
143,0.105838,1.18541e-07,67.2628,33.6314
143.1,0.105838,1.16775e-07,67.2628,33.6314
143.2,0.105838,1.15036e-07,67.2628,33.6314
143.3,0.105838,1.13323e-07,67.2628,33.6314
143.4,0.105838,1.11635e-07,67.2628,33.6314
143.5,0.105838,1.09972e-07,67.2628,33.6314
143.6,0.105838,1.08334e-07,67.2628,33.6314
143.7,0.105838,1.06721e-07,67.2628,33.6314
143.8,0.105838,1.05131e-07,67.2628,33.6314
143.9,0.105838,1.03565e-07,67.2628,33.6314
144,0.105838,1.02023e-07,67.2628,33.6314
144.1,0.105838,1.00503e-07,67.2628,33.6314
144.2,0.105838,9.90064e-08,67.2628,33.6314
144.3,0.105838,9.75318e-08,67.2628,33.6314
144.4,0.105838,9.60791e-08,67.2628,33.6314
144.5,0.105838,9.46481e-08,67.2628,33.6314
144.6,0.105838,9.32384e-08,67.2628,33.6314
144.7,0.105838,9.18497e-08,67.2628,33.6314
144.8,0.105838,9.04817e-08,67.2628,33.6314
144.9,0.105838,8.9134e-08,67.2628,33.6314
145,0.105838,8.78065e-08,67.2628,33.6314
145.1,0.105838,8.64987e-08,67.2628,33.6314
145.2,0.105838,8.52103e-08,67.2628,33.6314
145.3,0.105838,8.39412e-08,67.2628,33.6314
145.4,0.105838,8.2691e-08,67.2628,33.6314
145.5,0.105838,8.14593e-08,67.2628,33.6314
145.6,0.105838,8.02461e-08,67.2628,33.6314
145.7,0.105838,7.90509e-08,67.2628,33.6314
145.8,0.105838,7.78735e-08,67.2628,33.6314
145.9,0.105838,7.67136e-08,67.2628,33.6314
146,0.105838,7.5571e-08,67.2628,33.6314
146.1,0.105838,7.44455e-08,67.2628,33.6314
146.2,0.105838,7.33367e-08,67.2628,33.6314
146.3,0.105838,7.22444e-08,67.2628,33.6314
146.4,0.105838,7.11684e-08,67.2628,33.6314
146.5,0.105838,7.01084e-08,67.2628,33.6314
146.6,0.105838,6.90642e-08,67.2628,33.6314
146.7,0.105838,6.80355e-08,67.2628,33.6314
146.8,0.105838,6.70222e-08,67.2628,33.6314
146.9,0.105838,6.60239e-08,67.2628,33.6314
147,0.105838,6.50406e-08,67.2628,33.6314
147.1,0.105838,6.40718e-08,67.2628,33.6314
147.2,0.105838,6.31175e-08,67.2628,33.6314
147.3,0.105838,6.21775e-08,67.2628,33.6314
147.4,0.105838,6.12514e-08,67.2628,33.6314
147.5,0.105838,6.03391e-08,67.2628,33.6314
147.6,0.105838,5.94404e-08,67.2628,33.6314
147.7,0.105838,5.85551e-08,67.2628,33.6314
147.8,0.105838,5.7683e-08,67.2628,33.6314
147.9,0.105838,5.68238e-08,67.2628,33.6314
148,0.105838,5.59775e-08,67.2628,33.6314
148.1,0.105838,5.51437e-08,67.2628,33.6314
148.2,0.105838,5.43224e-08,67.2628,33.6314
148.3,0.105838,5.35133e-08,67.2628,33.6314
148.4,0.105838,5.27163e-08,67.2628,33.6314
148.5,0.105838,5.19311e-08,67.2628,33.6314
148.6,0.105838,5.11577e-08,67.2628,33.6314
148.7,0.105838,5.03957e-08,67.2628,33.6314
148.8,0.105838,4.96451e-08,67.2628,33.6314
148.9,0.105838,4.89057e-08,67.2628,33.6314
149,0.105838,4.81773e-08,67.2628,33.6314
149.1,0.105838,4.74597e-08,67.2628,33.6314
149.2,0.105838,4.67528e-08,67.2628,33.6314
149.3,0.105838,4.60565e-08,67.2628,33.6314
149.4,0.105838,4.53705e-08,67.2628,33.6314
149.5,0.105838,4.46948e-08,67.2628,33.6314
149.6,0.105838,4.40291e-08,67.2628,33.6314
149.7,0.105838,4.33733e-08,67.2628,33.6314
149.8,0.105838,4.27273e-08,67.2628,33.6314
149.9,0.105838,4.20909e-08,67.2628,33.6314
150,0.105838,4.1464e-08,67.2628,33.6314
150.1,0.105838,4.08464e-08,67.2628,33.6314
150.2,0.105838,4.0238e-08,67.2628,33.6314
150.3,0.105838,3.96387e-08,67.2628,33.6314
150.4,0.105838,3.90483e-08,67.2628,33.6314
150.5,0.105838,3.84668e-08,67.2628,33.6314
150.6,0.105838,3.78938e-08,67.2628,33.6314
150.7,0.105838,3.73294e-08,67.2628,33.6314
150.8,0.105838,3.67734e-08,67.2628,33.6314
150.9,0.105838,3.62257e-08,67.2628,33.6314
151,0.105838,3.56862e-08,67.2628,33.6314
151.1,0.105838,3.51547e-08,67.2628,33.6314
151.2,0.105838,3.46311e-08,67.2628,33.6314
151.3,0.105838,3.41153e-08,67.2628,33.6314
151.4,0.105838,3.36071e-08,67.2628,33.6314
151.5,0.105838,3.31066e-08,67.2628,33.6314
151.6,0.105838,3.26135e-08,67.2628,33.6314
151.7,0.105838,3.21277e-08,67.2628,33.6314
151.8,0.105838,3.16492e-08,67.2628,33.6314
151.9,0.105838,3.11778e-08,67.2628,33.6314
152,0.105838,3.07135e-08,67.2628,33.6314
152.1,0.105838,3.0256e-08,67.2628,33.6314
152.2,0.105838,2.98054e-08,67.2628,33.6314
152.3,0.105838,2.93615e-08,67.2628,33.6314
152.4,0.105838,2.89241e-08,67.2628,33.6314
152.5,0.105838,2.84933e-08,67.2628,33.6314
152.6,0.105838,2.8069e-08,67.2628,33.6314
152.7,0.105838,2.76509e-08,67.2628,33.6314
152.8,0.105838,2.72391e-08,67.2628,33.6314
152.9,0.105838,2.68334e-08,67.2628,33.6314
153,0.105838,2.64337e-08,67.2628,33.6314
153.1,0.105838,2.604e-08,67.2628,33.6314
153.2,0.105838,2.56521e-08,67.2628,33.6314
153.3,0.105838,2.52701e-08,67.2628,33.6314
153.4,0.105838,2.48937e-08,67.2628,33.6314
153.5,0.105838,2.45229e-08,67.2628,33.6314
153.6,0.105838,2.41577e-08,67.2628,33.6314
153.7,0.105838,2.37979e-08,67.2628,33.6314
153.8,0.105838,2.34434e-08,67.2628,33.6314
153.9,0.105838,2.30943e-08,67.2628,33.6314
154,0.105838,2.27503e-08,67.2628,33.6314
154.1,0.105838,2.24114e-08,67.2628,33.6314
154.2,0.105838,2.20776e-08,67.2628,33.6314
154.3,0.105838,2.17488e-08,67.2628,33.6314
154.4,0.105838,2.14249e-08,67.2628,33.6314
154.5,0.105838,2.11058e-08,67.2628,33.6314
154.6,0.105838,2.07914e-08,67.2628,33.6314
154.7,0.105838,2.04818e-08,67.2628,33.6314
154.8,0.105838,2.01767e-08,67.2628,33.6314
154.9,0.105838,1.98762e-08,67.2628,33.6314
155,0.105838,1.95801e-08,67.2628,33.6314
155.1,0.105838,1.92885e-08,67.2628,33.6314
155.2,0.105838,1.90012e-08,67.2628,33.6314
155.3,0.105838,1.87182e-08,67.2628,33.6314
155.4,0.105838,1.84394e-08,67.2628,33.6314
155.5,0.105838,1.81648e-08,67.2628,33.6314
155.6,0.105838,1.78942e-08,67.2628,33.6314
155.7,0.105838,1.76277e-08,67.2628,33.6314
155.8,0.105838,1.73652e-08,67.2628,33.6314
155.9,0.105838,1.71065e-08,67.2628,33.6314
156,0.105838,1.68517e-08,67.2628,33.6314
156.1,0.105838,1.66007e-08,67.2628,33.6314
156.2,0.105838,1.63535e-08,67.2628,33.6314
156.3,0.105838,1.61099e-08,67.2628,33.6314
156.4,0.105838,1.587e-08,67.2628,33.6314
156.5,0.105838,1.56336e-08,67.2628,33.6314
156.6,0.105838,1.54008e-08,67.2628,33.6314
156.7,0.105838,1.51714e-08,67.2628,33.6314
156.8,0.105838,1.49454e-08,67.2628,33.6314
156.9,0.105838,1.47228e-08,67.2628,33.6314
157,0.105838,1.45035e-08,67.2628,33.6314
157.1,0.105838,1.42875e-08,67.2628,33.6314
157.2,0.105838,1.40747e-08,67.2628,33.6314
157.3,0.105838,1.38651e-08,67.2628,33.6314
157.4,0.105838,1.36586e-08,67.2628,33.6314
157.5,0.105838,1.34551e-08,67.2628,33.6314
157.6,0.105838,1.32547e-08,67.2628,33.6314
157.7,0.105838,1.30573e-08,67.2628,33.6314
157.8,0.105838,1.28628e-08,67.2628,33.6314
157.9,0.105838,1.26713e-08,67.2628,33.6314
158,0.105838,1.24825e-08,67.2628,33.6314
158.1,0.105838,1.22966e-08,67.2628,33.6314
158.2,0.105838,1.21135e-08,67.2628,33.6314
158.3,0.105838,1.1933e-08,67.2628,33.6314
158.4,0.105838,1.17553e-08,67.2628,33.6314
158.5,0.105838,1.15802e-08,67.2628,33.6314
158.6,0.105838,1.14077e-08,67.2628,33.6314
158.7,0.105838,1.12378e-08,67.2628,33.6314
158.8,0.105838,1.10705e-08,67.2628,33.6314
158.9,0.105838,1.09056e-08,67.2628,33.6314
159.001,0.105838,1.07431e-08,67.2628,33.6314
159.101,0.105838,1.05831e-08,67.2628,33.6314
159.201,0.105838,1.04255e-08,67.2628,33.6314
159.301,0.105838,1.02702e-08,67.2628,33.6314
159.401,0.105838,1.01173e-08,67.2628,33.6314
159.501,0.105838,9.96657e-09,67.2628,33.6314
159.601,0.105838,9.81813e-09,67.2628,33.6314
159.701,0.105838,9.6719e-09,67.2628,33.6314
159.801,0.105838,9.52784e-09,67.2628,33.6314
159.901,0.105838,9.38593e-09,67.2628,33.6314
160.001,0.105838,9.24614e-09,67.2628,33.6314
160.101,0.105838,9.10842e-09,67.2628,33.6314
160.201,0.105838,8.97276e-09,67.2628,33.6314
160.301,0.105838,8.83912e-09,67.2628,33.6314
160.401,0.105838,8.70747e-09,67.2628,33.6314
160.501,0.105838,8.57778e-09,67.2628,33.6314
160.601,0.105838,8.45002e-09,67.2628,33.6314
160.701,0.105838,8.32416e-09,67.2628,33.6314
160.801,0.105838,8.20018e-09,67.2628,33.6314
160.901,0.105838,8.07805e-09,67.2628,33.6314
161.001,0.105838,7.95773e-09,67.2628,33.6314
161.101,0.105838,7.83921e-09,67.2628,33.6314
161.201,0.105838,7.72245e-09,67.2628,33.6314
161.301,0.105838,7.60743e-09,67.2628,33.6314
161.401,0.105838,7.49412e-09,67.2628,33.6314
161.501,0.105838,7.38251e-09,67.2628,33.6314
161.601,0.105838,7.27255e-09,67.2628,33.6314
161.701,0.105838,7.16423e-09,67.2628,33.6314
161.801,0.105838,7.05753e-09,67.2628,33.6314
161.901,0.105838,6.95241e-09,67.2628,33.6314
162.001,0.105838,6.84886e-09,67.2628,33.6314
162.101,0.105838,6.74685e-09,67.2628,33.6314
162.201,0.105838,6.64636e-09,67.2628,33.6314
162.301,0.105838,6.54737e-09,67.2628,33.6314
162.401,0.105838,6.44985e-09,67.2628,33.6314
162.501,0.105838,6.35379e-09,67.2628,33.6314
162.601,0.105838,6.25915e-09,67.2628,33.6314
162.701,0.105838,6.16593e-09,67.2628,33.6314
162.801,0.105838,6.07409e-09,67.2628,33.6314
162.901,0.105838,5.98362e-09,67.2628,33.6314
163.001,0.105838,5.8945e-09,67.2628,33.6314
163.101,0.105838,5.80671e-09,67.2628,33.6314
163.201,0.105838,5.72022e-09,67.2628,33.6314
163.301,0.105838,5.63503e-09,67.2628,33.6314
163.401,0.105838,5.5511e-09,67.2628,33.6314
163.501,0.105838,5.46842e-09,67.2628,33.6314
163.601,0.105838,5.38697e-09,67.2628,33.6314
163.701,0.105838,5.30674e-09,67.2628,33.6314
163.801,0.105838,5.2277e-09,67.2628,33.6314
163.901,0.105838,5.14983e-09,67.2628,33.6314
164.001,0.105838,5.07313e-09,67.2628,33.6314
164.101,0.105838,4.99757e-09,67.2628,33.6314
164.201,0.105838,4.92314e-09,67.2628,33.6314
164.301,0.105838,4.84981e-09,67.2628,33.6314
164.401,0.105838,4.77758e-09,67.2628,33.6314
164.501,0.105838,4.70642e-09,67.2628,33.6314
164.601,0.105838,4.63632e-09,67.2628,33.6314
164.701,0.105838,4.56727e-09,67.2628,33.6314
164.801,0.105838,4.49924e-09,67.2628,33.6314
164.901,0.105838,4.43223e-09,67.2628,33.6314
165.001,0.105838,4.36621e-09,67.2628,33.6314
165.101,0.105838,4.30118e-09,67.2628,33.6314
165.201,0.105838,4.23712e-09,67.2628,33.6314
165.301,0.105838,4.17401e-09,67.2628,33.6314
165.401,0.105838,4.11184e-09,67.2628,33.6314
165.501,0.105838,4.0506e-09,67.2628,33.6314
165.601,0.105838,3.99027e-09,67.2628,33.6314
165.701,0.105838,3.93084e-09,67.2628,33.6314
165.801,0.105838,3.87229e-09,67.2628,33.6314
165.901,0.105838,3.81462e-09,67.2628,33.6314
166.001,0.105838,3.7578e-09,67.2628,33.6314
166.101,0.105838,3.70183e-09,67.2628,33.6314
166.201,0.105838,3.6467e-09,67.2628,33.6314
166.301,0.105838,3.59238e-09,67.2628,33.6314
166.401,0.105838,3.53888e-09,67.2628,33.6314
166.501,0.105838,3.48617e-09,67.2628,33.6314
166.601,0.105838,3.43425e-09,67.2628,33.6314
166.701,0.105838,3.3831e-09,67.2628,33.6314
166.801,0.105838,3.33271e-09,67.2628,33.6314
166.901,0.105838,3.28307e-09,67.2628,33.6314
167.001,0.105838,3.23417e-09,67.2628,33.6314
167.101,0.105838,3.186e-09,67.2628,33.6314
167.201,0.105838,3.13855e-09,67.2628,33.6314
167.301,0.105838,3.0918e-09,67.2628,33.6314
167.401,0.105838,3.04575e-09,67.2628,33.6314
167.501,0.105838,3.00039e-09,67.2628,33.6314
167.601,0.105838,2.9557e-09,67.2628,33.6314
167.701,0.105838,2.91168e-09,67.2628,33.6314
167.801,0.105838,2.86831e-09,67.2628,33.6314
167.901,0.105838,2.82559e-09,67.2628,33.6314
168.001,0.105838,2.7835e-09,67.2628,33.6314
168.101,0.105838,2.74205e-09,67.2628,33.6314
168.201,0.105838,2.70121e-09,67.2628,33.6314
168.301,0.105838,2.66097e-09,67.2628,33.6314
168.401,0.105838,2.62134e-09,67.2628,33.6314
168.501,0.105838,2.5823e-09,67.2628,33.6314
168.601,0.105838,2.54384e-09,67.2628,33.6314
168.701,0.105838,2.50595e-09,67.2628,33.6314
168.801,0.105838,2.46862e-09,67.2628,33.6314
168.901,0.105838,2.43186e-09,67.2628,33.6314
169.001,0.105838,2.39564e-09,67.2628,33.6314
169.101,0.105838,2.35995e-09,67.2628,33.6314
169.201,0.105838,2.32481e-09,67.2628,33.6314
169.301,0.105838,2.29018e-09,67.2628,33.6314
169.401,0.105838,2.25607e-09,67.2628,33.6314
169.501,0.105838,2.22247e-09,67.2628,33.6314
169.601,0.105838,2.18936e-09,67.2628,33.6314
169.701,0.105838,2.15676e-09,67.2628,33.6314
169.801,0.105838,2.12463e-09,67.2628,33.6314
169.901,0.105838,2.09299e-09,67.2628,33.6314
170.001,0.105838,2.06181e-09,67.2628,33.6314
170.101,0.105838,2.03111e-09,67.2628,33.6314
170.201,0.105838,2.00085e-09,67.2628,33.6314
170.301,0.105838,1.97105e-09,67.2628,33.6314
170.401,0.105838,1.9417e-09,67.2628,33.6314
170.501,0.105838,1.91278e-09,67.2628,33.6314
170.601,0.105838,1.88429e-09,67.2628,33.6314
170.701,0.105838,1.85622e-09,67.2628,33.6314
170.801,0.105838,1.82858e-09,67.2628,33.6314
170.901,0.105838,1.80134e-09,67.2628,33.6314
171.001,0.105838,1.77451e-09,67.2628,33.6314
171.101,0.105838,1.74808e-09,67.2628,33.6314
171.201,0.105838,1.72204e-09,67.2628,33.6314
171.301,0.105838,1.6964e-09,67.2628,33.6314
171.401,0.105838,1.67113e-09,67.2628,33.6314
171.501,0.105838,1.64624e-09,67.2628,33.6314
171.601,0.105838,1.62172e-09,67.2628,33.6314
171.701,0.105838,1.59757e-09,67.2628,33.6314
171.801,0.105838,1.57377e-09,67.2628,33.6314
171.901,0.105838,1.55033e-09,67.2628,33.6314
172.001,0.105838,1.52724e-09,67.2628,33.6314
172.101,0.105838,1.50449e-09,67.2628,33.6314
172.201,0.105838,1.48209e-09,67.2628,33.6314
172.301,0.105838,1.46001e-09,67.2628,33.6314
172.401,0.105838,1.43827e-09,67.2628,33.6314
172.501,0.105838,1.41684e-09,67.2628,33.6314
172.601,0.105838,1.39574e-09,67.2628,33.6314
172.701,0.105838,1.37495e-09,67.2628,33.6314
172.801,0.105838,1.35447e-09,67.2628,33.6314
172.901,0.105838,1.3343e-09,67.2628,33.6314
173.001,0.105838,1.31443e-09,67.2628,33.6314
173.101,0.105838,1.29485e-09,67.2628,33.6314
173.201,0.105838,1.27556e-09,67.2628,33.6314
173.301,0.105838,1.25657e-09,67.2628,33.6314
173.401,0.105838,1.23785e-09,67.2628,33.6314
173.501,0.105838,1.21941e-09,67.2628,33.6314
173.601,0.105838,1.20125e-09,67.2628,33.6314
173.701,0.105838,1.18336e-09,67.2628,33.6314
173.801,0.105838,1.16573e-09,67.2628,33.6314
173.901,0.105838,1.14837e-09,67.2628,33.6314
174.001,0.105838,1.13127e-09,67.2628,33.6314
174.101,0.105838,1.11442e-09,67.2628,33.6314
174.201,0.105838,1.09782e-09,67.2628,33.6314
174.301,0.105838,1.08147e-09,67.2628,33.6314
174.401,0.105838,1.06536e-09,67.2628,33.6314
174.501,0.105838,1.04949e-09,67.2628,33.6314
174.601,0.105838,1.03386e-09,67.2628,33.6314
174.701,0.105838,1.01846e-09,67.2628,33.6314
174.801,0.105838,1.00329e-09,67.2628,33.6314
174.901,0.105838,9.88352e-10,67.2628,33.6314
175.001,0.105838,9.73631e-10,67.2628,33.6314
175.101,0.105838,9.59129e-10,67.2628,33.6314
175.201,0.105838,9.44844e-10,67.2628,33.6314
175.301,0.105838,9.30771e-10,67.2628,33.6314
175.402,0.105838,9.16908e-10,67.2628,33.6314
175.502,0.105838,9.03252e-10,67.2628,33.6314
175.602,0.105838,8.89799e-10,67.2628,33.6314
175.702,0.105838,8.76546e-10,67.2628,33.6314
175.802,0.105838,8.6349e-10,67.2628,33.6314
175.902,0.105838,8.50629e-10,67.2628,33.6314
176.002,0.105838,8.3796e-10,67.2628,33.6314
176.102,0.105838,8.25479e-10,67.2628,33.6314
176.202,0.105838,8.13184e-10,67.2628,33.6314
176.302,0.105838,8.01073e-10,67.2628,33.6314
176.402,0.105838,7.89141e-10,67.2628,33.6314
176.502,0.105838,7.77388e-10,67.2628,33.6314
176.602,0.105838,7.65809e-10,67.2628,33.6314
176.702,0.105838,7.54403e-10,67.2628,33.6314
176.802,0.105838,7.43167e-10,67.2628,33.6314
176.902,0.105838,7.32098e-10,67.2628,33.6314
177.002,0.105838,7.21194e-10,67.2628,33.6314
177.102,0.105838,7.10453e-10,67.2628,33.6314
177.202,0.105838,6.99871e-10,67.2628,33.6314
177.302,0.105838,6.89447e-10,67.2628,33.6314
177.402,0.105838,6.79178e-10,67.2628,33.6314
177.502,0.105838,6.69062e-10,67.2628,33.6314
177.602,0.105838,6.59097e-10,67.2628,33.6314
177.702,0.105838,6.49281e-10,67.2628,33.6314
177.802,0.105838,6.3961e-10,67.2628,33.6314
177.902,0.105838,6.30084e-10,67.2628,33.6314
178.002,0.105838,6.20699e-10,67.2628,33.6314
178.102,0.105838,6.11454e-10,67.2628,33.6314
178.202,0.105838,6.02347e-10,67.2628,33.6314
178.302,0.105838,5.93376e-10,67.2628,33.6314
178.402,0.105838,5.84538e-10,67.2628,33.6314
178.502,0.105838,5.75832e-10,67.2628,33.6314
178.602,0.105838,5.67255e-10,67.2628,33.6314
178.702,0.105838,5.58806e-10,67.2628,33.6314
178.802,0.105838,5.50483e-10,67.2628,33.6314
178.902,0.105838,5.42284e-10,67.2628,33.6314
179.002,0.105838,5.34208e-10,67.2628,33.6314
179.102,0.105838,5.26251e-10,67.2628,33.6314
179.202,0.105838,5.18413e-10,67.2628,33.6314
179.302,0.105838,5.10692e-10,67.2628,33.6314
179.402,0.105838,5.03085e-10,67.2628,33.6314
179.502,0.105838,4.95592e-10,67.2628,33.6314
179.602,0.105838,4.88211e-10,67.2628,33.6314
179.702,0.105838,4.80939e-10,67.2628,33.6314
179.802,0.105838,4.73776e-10,67.2628,33.6314
179.902,0.105838,4.6672e-10,67.2628,33.6314
180.002,0.105838,4.59768e-10,67.2628,33.6314
180.102,0.105838,4.5292e-10,67.2628,33.6314
180.202,0.105838,4.46175e-10,67.2628,33.6314
180.302,0.105838,4.39529e-10,67.2628,33.6314
180.402,0.105838,4.32983e-10,67.2628,33.6314
180.502,0.105838,4.26534e-10,67.2628,33.6314
180.602,0.105838,4.20181e-10,67.2628,33.6314
180.702,0.105838,4.13923e-10,67.2628,33.6314
180.802,0.105838,4.07758e-10,67.2628,33.6314
180.902,0.105838,4.01684e-10,67.2628,33.6314
181.002,0.105838,3.95702e-10,67.2628,33.6314
181.102,0.105838,3.89808e-10,67.2628,33.6314
181.202,0.105838,3.84002e-10,67.2628,33.6314
181.302,0.105838,3.78283e-10,67.2628,33.6314
181.402,0.105838,3.72649e-10,67.2628,33.6314
181.502,0.105838,3.67098e-10,67.2628,33.6314
181.602,0.105838,3.61631e-10,67.2628,33.6314
181.702,0.105838,3.56244e-10,67.2628,33.6314
181.802,0.105838,3.50939e-10,67.2628,33.6314
181.902,0.105838,3.45712e-10,67.2628,33.6314
182.002,0.105838,3.40562e-10,67.2628,33.6314
182.102,0.105838,3.3549e-10,67.2628,33.6314
182.202,0.105838,3.30493e-10,67.2628,33.6314
182.302,0.105838,3.25571e-10,67.2628,33.6314
182.402,0.105838,3.20722e-10,67.2628,33.6314
182.502,0.105838,3.15945e-10,67.2628,33.6314
182.602,0.105838,3.11239e-10,67.2628,33.6314
182.702,0.105838,3.06603e-10,67.2628,33.6314
182.802,0.105838,3.02037e-10,67.2628,33.6314
182.902,0.105838,2.97538e-10,67.2628,33.6314
183.002,0.105838,2.93107e-10,67.2628,33.6314
183.102,0.105838,2.88741e-10,67.2628,33.6314
183.202,0.105838,2.84441e-10,67.2628,33.6314
183.302,0.105838,2.80204e-10,67.2628,33.6314
183.402,0.105838,2.76031e-10,67.2628,33.6314
183.502,0.105838,2.71919e-10,67.2628,33.6314
183.602,0.105838,2.67869e-10,67.2628,33.6314
183.702,0.105838,2.6388e-10,67.2628,33.6314
183.802,0.105838,2.59949e-10,67.2628,33.6314
183.902,0.105838,2.56078e-10,67.2628,33.6314
184.002,0.105838,2.52264e-10,67.2628,33.6314
184.102,0.105838,2.48506e-10,67.2628,33.6314
184.202,0.105838,2.44805e-10,67.2628,33.6314
184.302,0.105838,2.41159e-10,67.2628,33.6314
184.402,0.105838,2.37567e-10,67.2628,33.6314
184.502,0.105838,2.34029e-10,67.2628,33.6314
184.602,0.105838,2.30543e-10,67.2628,33.6314
184.702,0.105838,2.27109e-10,67.2628,33.6314
184.802,0.105838,2.23727e-10,67.2628,33.6314
184.902,0.105838,2.20394e-10,67.2628,33.6314
185.002,0.105838,2.17112e-10,67.2628,33.6314
185.102,0.105838,2.13878e-10,67.2628,33.6314
185.202,0.105838,2.10693e-10,67.2628,33.6314
185.302,0.105838,2.07555e-10,67.2628,33.6314
185.402,0.105838,2.04463e-10,67.2628,33.6314
185.502,0.105838,2.01418e-10,67.2628,33.6314
185.602,0.105838,1.98418e-10,67.2628,33.6314
185.702,0.105838,1.95463e-10,67.2628,33.6314
185.802,0.105838,1.92551e-10,67.2628,33.6314
185.902,0.105838,1.89684e-10,67.2628,33.6314
186.002,0.105838,1.86858e-10,67.2628,33.6314
186.102,0.105838,1.84075e-10,67.2628,33.6314
186.202,0.105838,1.81334e-10,67.2628,33.6314
186.302,0.105838,1.78633e-10,67.2628,33.6314
186.402,0.105838,1.75972e-10,67.2628,33.6314
186.502,0.105838,1.73351e-10,67.2628,33.6314
186.602,0.105838,1.70769e-10,67.2628,33.6314
186.702,0.105838,1.68226e-10,67.2628,33.6314
186.802,0.105838,1.6572e-10,67.2628,33.6314
186.902,0.105838,1.63252e-10,67.2628,33.6314
187.002,0.105838,1.60821e-10,67.2628,33.6314
187.102,0.105838,1.58425e-10,67.2628,33.6314
187.202,0.105838,1.56066e-10,67.2628,33.6314
187.302,0.105838,1.53741e-10,67.2628,33.6314
187.402,0.105838,1.51451e-10,67.2628,33.6314
187.502,0.105838,1.49196e-10,67.2628,33.6314
187.602,0.105838,1.46973e-10,67.2628,33.6314
187.702,0.105838,1.44784e-10,67.2628,33.6314
187.802,0.105838,1.42628e-10,67.2628,33.6314
187.902,0.105838,1.40504e-10,67.2628,33.6314
188.002,0.105838,1.38411e-10,67.2628,33.6314
188.102,0.105838,1.36349e-10,67.2628,33.6314
188.202,0.105838,1.34319e-10,67.2628,33.6314
188.302,0.105838,1.32318e-10,67.2628,33.6314
188.402,0.105838,1.30347e-10,67.2628,33.6314
188.502,0.105838,1.28406e-10,67.2628,33.6314
188.602,0.105838,1.26493e-10,67.2628,33.6314
188.702,0.105838,1.24609e-10,67.2628,33.6314
188.802,0.105838,1.22753e-10,67.2628,33.6314
188.902,0.105838,1.20925e-10,67.2628,33.6314
189.002,0.105838,1.19124e-10,67.2628,33.6314
189.102,0.105838,1.1735e-10,67.2628,33.6314
189.202,0.105838,1.15602e-10,67.2628,33.6314
189.302,0.105838,1.1388e-10,67.2628,33.6314
189.402,0.105838,1.12184e-10,67.2628,33.6314
189.502,0.105838,1.10513e-10,67.2628,33.6314
189.602,0.105838,1.08867e-10,67.2628,33.6314
189.702,0.105838,1.07246e-10,67.2628,33.6314
189.802,0.105838,1.05648e-10,67.2628,33.6314
189.902,0.105838,1.04075e-10,67.2628,33.6314
190.002,0.105838,1.02525e-10,67.2628,33.6314
190.102,0.105838,1.00998e-10,67.2628,33.6314
190.202,0.105838,9.94933e-11,67.2628,33.6314
190.302,0.105838,9.80115e-11,67.2628,33.6314
190.402,0.105838,9.65517e-11,67.2628,33.6314
190.502,0.105838,9.51136e-11,67.2628,33.6314
190.602,0.105838,9.3697e-11,67.2628,33.6314
190.702,0.105838,9.23014e-11,67.2628,33.6314
190.802,0.105838,9.09267e-11,67.2628,33.6314
190.902,0.105838,8.95724e-11,67.2628,33.6314
191.002,0.105838,8.82383e-11,67.2628,33.6314
191.102,0.105838,8.69241e-11,67.2628,33.6314
191.202,0.105838,8.56294e-11,67.2628,33.6314
191.302,0.105838,8.4354e-11,67.2628,33.6314
191.402,0.105838,8.30977e-11,67.2628,33.6314
191.502,0.105838,8.186e-11,67.2628,33.6314
191.602,0.105838,8.06407e-11,67.2628,33.6314
191.702,0.105838,7.94397e-11,67.2628,33.6314
191.803,0.105838,7.82565e-11,67.2628,33.6314
191.903,0.105838,7.70909e-11,67.2628,33.6314
192.003,0.105838,7.59427e-11,67.2628,33.6314
192.103,0.105838,7.48116e-11,67.2628,33.6314
192.203,0.105838,7.36974e-11,67.2628,33.6314
192.303,0.105838,7.25997e-11,67.2628,33.6314
192.403,0.105838,7.15184e-11,67.2628,33.6314
192.503,0.105838,7.04532e-11,67.2628,33.6314
192.603,0.105838,6.94038e-11,67.2628,33.6314
192.703,0.105838,6.83701e-11,67.2628,33.6314
192.803,0.105838,6.73518e-11,67.2628,33.6314
192.903,0.105838,6.63487e-11,67.2628,33.6314
193.003,0.105838,6.53604e-11,67.2628,33.6314
193.103,0.105838,6.4387e-11,67.2628,33.6314
193.203,0.105838,6.3428e-11,67.2628,33.6314
193.303,0.105838,6.24833e-11,67.2628,33.6314
193.403,0.105838,6.15526e-11,67.2628,33.6314
193.503,0.105838,6.06359e-11,67.2628,33.6314
193.603,0.105838,5.97327e-11,67.2628,33.6314
193.703,0.105838,5.88431e-11,67.2628,33.6314
193.803,0.105838,5.79666e-11,67.2628,33.6314
193.903,0.105838,5.71033e-11,67.2628,33.6314
194.003,0.105838,5.62528e-11,67.2628,33.6314
194.103,0.105838,5.54149e-11,67.2628,33.6314
194.203,0.105838,5.45896e-11,67.2628,33.6314
194.303,0.105838,5.37765e-11,67.2628,33.6314
194.403,0.105838,5.29756e-11,67.2628,33.6314
194.503,0.105838,5.21865e-11,67.2628,33.6314
194.603,0.105838,5.14093e-11,67.2628,33.6314
194.703,0.105838,5.06436e-11,67.2628,33.6314
194.803,0.105838,4.98893e-11,67.2628,33.6314
194.903,0.105838,4.91462e-11,67.2628,33.6314
195.003,0.105838,4.84142e-11,67.2628,33.6314
195.103,0.105838,4.76931e-11,67.2628,33.6314
195.203,0.105838,4.69828e-11,67.2628,33.6314
195.303,0.105838,4.6283e-11,67.2628,33.6314
195.403,0.105838,4.55937e-11,67.2628,33.6314
195.503,0.105838,4.49146e-11,67.2628,33.6314
195.603,0.105838,4.42456e-11,67.2628,33.6314
195.703,0.105838,4.35866e-11,67.2628,33.6314
195.803,0.105838,4.29374e-11,67.2628,33.6314
195.903,0.105838,4.22979e-11,67.2628,33.6314
196.003,0.105838,4.16679e-11,67.2628,33.6314
196.103,0.105838,4.10473e-11,67.2628,33.6314
196.203,0.105838,4.04359e-11,67.2628,33.6314
196.303,0.105838,3.98337e-11,67.2628,33.6314
196.403,0.105838,3.92404e-11,67.2628,33.6314
196.503,0.105838,3.86559e-11,67.2628,33.6314
196.603,0.105838,3.80802e-11,67.2628,33.6314
196.703,0.105838,3.7513e-11,67.2628,33.6314
196.803,0.105838,3.69543e-11,67.2628,33.6314
196.903,0.105838,3.64039e-11,67.2628,33.6314
197.003,0.105838,3.58617e-11,67.2628,33.6314
197.103,0.105838,3.53276e-11,67.2628,33.6314
197.203,0.105838,3.48014e-11,67.2628,33.6314
197.303,0.105838,3.4283e-11,67.2628,33.6314
197.403,0.105838,3.37724e-11,67.2628,33.6314
197.503,0.105838,3.32694e-11,67.2628,33.6314
197.603,0.105838,3.27739e-11,67.2628,33.6314
197.703,0.105838,3.22858e-11,67.2628,33.6314
197.803,0.105838,3.18049e-11,67.2628,33.6314
197.903,0.105838,3.13312e-11,67.2628,33.6314
198.003,0.105838,3.08645e-11,67.2628,33.6314
198.103,0.105838,3.04048e-11,67.2628,33.6314
198.203,0.105838,2.9952e-11,67.2628,33.6314
198.303,0.105838,2.95059e-11,67.2628,33.6314
198.403,0.105838,2.90664e-11,67.2628,33.6314
198.503,0.105838,2.86335e-11,67.2628,33.6314
198.603,0.105838,2.8207e-11,67.2628,33.6314
198.703,0.105838,2.77869e-11,67.2628,33.6314
198.803,0.105838,2.7373e-11,67.2628,33.6314
198.903,0.105838,2.69653e-11,67.2628,33.6314
199.003,0.105838,2.65637e-11,67.2628,33.6314
199.103,0.105838,2.61681e-11,67.2628,33.6314
199.203,0.105838,2.57783e-11,67.2628,33.6314
199.303,0.105838,2.53944e-11,67.2628,33.6314
199.403,0.105838,2.50161e-11,67.2628,33.6314
199.503,0.105838,2.46435e-11,67.2628,33.6314
199.603,0.105838,2.42765e-11,67.2628,33.6314
199.703,0.105838,2.39149e-11,67.2628,33.6314
199.803,0.105838,2.35587e-11,67.2628,33.6314
199.903,0.105838,2.32078e-11,67.2628,33.6314
200.003,0.105838,2.28622e-11,67.2628,33.6314
